user_code,reference_code,label,language,task_title
"for i in range(1, 101):
  if i % 15 == 0:
    print('FizzBuzz')
  elif i % 3 == 0:
    print('Fizz')
  elif i % 5 == 0:
    print('Buzz')
  else:
    print(i)","for i in range(1, 101):
    if i % 15 == 0:
        print('FizzBuzz')
    elif i % 3 == 0:
        print('Fizz')
    elif i % 5 == 0:
        print('Buzz')
    else:
        print(i)",correct,python,FizzBuzz
"for i in range(1, 101):
    if i % 15 == 0:
        print('FizzBuzz')
    elif i % 3 == 0:
        print('Fizz')
    elif i % 5 == 0:
        print('Buzz')
    else:
        print(i)
","for i in range(1, 101):
    if i % 15 == 0:
        print('FizzBuzz')
    elif i % 3 == 0:
        print('Fizz')
    elif i % 5 == 0:
        print('Buzz')
    else:
        print(i)",correct,python,FizzBuzz
"for i in range(1, 101):
  if i % 15 == 0:
    print('FizzBuzz')
  elif i % 3 == 0:
    print('Fizz')
  elif i % 5 == 0:
    print('Buzz')
  else:
    print(i)","for i in range(1, 101):
    if i % 15 == 0:
        print('FizzBuzz')
    elif i % 3 == 0:
        print('Fizz')
    elif i % 5 == 0:
        print('Buzz')
    else:
        print(i)",correct,python,FizzBuzz
"for i in range(1, 101):
  if i % 15 == 0:
    print('FizzBuzz')
  elif i % 3 == 0:
    print('Fizz')
  elif i % 5 == 0:
    print('Buzz')
  else:
    print(i)","for i in range(1, 101):
    if i % 15 == 0:
        print('FizzBuzz')
    elif i % 3 == 0:
        print('Fizz')
    elif i % 5 == 0:
        print('Buzz')
    else:
        print(i)",correct,python,FizzBuzz
"for i in range(1, 101):
    if i % 15 == 0:
        print('FizzBuzz')
    elif i % 3 == 0:
        print('Fizz')
    elif i % 5 == 0:
        print('Buzz')
    else:
        print(i)","for i in range(1, 101):
    if i % 15 == 0:
        print('FizzBuzz')
    elif i % 3 == 0:
        print('Fizz')
    elif i % 5 == 0:
        print('Buzz')
    else:
        print(i)",correct,python,FizzBuzz
"for i in range(1, 101):
    if i % 15 == 0:
        print('FizzBuzz')
    elif i % 3 == 0:
        print('Fizz')
    elif i % 5 == 0:
        print('Buzz')
    else:
        print(i)","for i in range(1, 101):
    if i % 15 == 0:
        print('FizzBuzz')
    elif i % 3 == 0:
        print('Fizz')
    elif i % 5 == 0:
        print('Buzz')
    else:
        print(i)",correct,python,FizzBuzz
"for i in range(1, 101):
    if i % 15 == 0:
        print('FizzBuzz')
    elif i % 3 == 0:
        print('Fizz')
    elif i % 5 == 0:
        print('Buzz')
    else:
        print(i)
","for i in range(1, 101):
    if i % 15 == 0:
        print('FizzBuzz')
    elif i % 3 == 0:
        print('Fizz')
    elif i % 5 == 0:
        print('Buzz')
    else:
        print(i)",correct,python,FizzBuzz
"for i in range(1, 101):
    if i % 15 == 0:
        print('FizzBuzz')
    elif i % 3 == 0:
        print('Fizz')
    elif i % 5 == 0:
        print('Buzz')
    else:
        print(i)
","for i in range(1, 101):
    if i % 15 == 0:
        print('FizzBuzz')
    elif i % 3 == 0:
        print('Fizz')
    elif i % 5 == 0:
        print('Buzz')
    else:
        print(i)",correct,python,FizzBuzz
"for i in range(1, 101):
    if i % 15 == 0:
        print('FizzBuzz')
    elif i % 3 == 0:
        print('Fizz')
    elif i % 5 == 0:
        print('Buzz')
    else:
        print(i)
","for i in range(1, 101):
    if i % 15 == 0:
        print('FizzBuzz')
    elif i % 3 == 0:
        print('Fizz')
    elif i % 5 == 0:
        print('Buzz')
    else:
        print(i)",correct,python,FizzBuzz
"for i in range(1, 101):
  if i % 15 == 0:
    print('FizzBuzz')
  elif i % 3 == 0:
    print('Fizz')
  elif i % 5 == 0:
    print('Buzz')
  else:
    print(i)","for i in range(1, 101):
    if i % 15 == 0:
        print('FizzBuzz')
    elif i % 3 == 0:
        print('Fizz')
    elif i % 5 == 0:
        print('Buzz')
    else:
        print(i)",correct,python,FizzBuzz
"for i in range(1, 101):
  if i % 15 == 0:
    print('FizzBuzz')
  elif i % 3 == 0:
    print('Fizz')
  elif i % 5 == 0:
    print('Buzz')
  else:
    print(i)","for i in range(1, 101):
    if i % 15 == 0:
        print('FizzBuzz')
    elif i % 3 == 0:
        print('Fizz')
    elif i % 5 == 0:
        print('Buzz')
    else:
        print(i)",correct,python,FizzBuzz
"for i in range(1, 101):
  if i % 15 == 0:
    print('FizzBuzz')
  elif i % 3 == 0:
    print('Fizz')
  elif i % 5 == 0:
    print('Buzz')
  else:
    print(i)","for i in range(1, 101):
    if i % 15 == 0:
        print('FizzBuzz')
    elif i % 3 == 0:
        print('Fizz')
    elif i % 5 == 0:
        print('Buzz')
    else:
        print(i)",correct,python,FizzBuzz
"for i in range(1, 101):
  if i % 15 == 0:
    print('FizzBuzz')
  elif i % 3 == 0:
    print('Fizz')
  elif i % 5 == 0:
    print('Buzz')
  else:
    print(i)","for i in range(1, 101):
    if i % 15 == 0:
        print('FizzBuzz')
    elif i % 3 == 0:
        print('Fizz')
    elif i % 5 == 0:
        print('Buzz')
    else:
        print(i)",correct,python,FizzBuzz
"for i in range(1, 101):
  if i % 15 == 0:
    print('FizzBuzz')
  elif i % 3 == 0:
    print('Fizz')
  elif i % 5 == 0:
    print('Buzz')
  else:
    print(i)","for i in range(1, 101):
    if i % 15 == 0:
        print('FizzBuzz')
    elif i % 3 == 0:
        print('Fizz')
    elif i % 5 == 0:
        print('Buzz')
    else:
        print(i)",correct,python,FizzBuzz
"for i in range(1, 101):
    if i % 15 == 0:
        print('FizzBuzz')
    elif i % 3 == 0:
        print('Fizz')
    elif i % 5 == 0:
        print('Buzz')
    else:
        print(i)","for i in range(1, 101):
    if i % 15 == 0:
        print('FizzBuzz')
    elif i % 3 == 0:
        print('Fizz')
    elif i % 5 == 0:
        print('Buzz')
    else:
        print(i)",correct,python,FizzBuzz
"for i in range(1, 101):
  if i % 15 == 0:
    print('FizzBuzz')
  elif i % 3 == 0:
    print('Fizz')
  elif i % 5 == 0:
    print('Buzz')
  else:
    print(i)","for i in range(1, 101):
    if i % 15 == 0:
        print('FizzBuzz')
    elif i % 3 == 0:
        print('Fizz')
    elif i % 5 == 0:
        print('Buzz')
    else:
        print(i)",correct,python,FizzBuzz
"for i in range(1, 101):
    if i % 15 == 0:
        print('FizzBuzz')
    elif i % 3 == 0:
        print('Fizz')
    elif i % 5 == 0:
        print('Buzz')
    else:
        print(i)
","for i in range(1, 101):
    if i % 15 == 0:
        print('FizzBuzz')
    elif i % 3 == 0:
        print('Fizz')
    elif i % 5 == 0:
        print('Buzz')
    else:
        print(i)",correct,python,FizzBuzz
"for i in range(1, 101):
    if i % 15 == 0:
        print('FizzBuzz')
    elif i % 3 == 0:
        print('Fizz')
    elif i % 5 == 0:
        print('Buzz')
    else:
        print(i)
","for i in range(1, 101):
    if i % 15 == 0:
        print('FizzBuzz')
    elif i % 3 == 0:
        print('Fizz')
    elif i % 5 == 0:
        print('Buzz')
    else:
        print(i)",correct,python,FizzBuzz
"for i in range(1, 101):
    if i % 15 == 0:
        print('FizzBuzz')
    elif i % 3 == 0:
        print('Fizz')
    elif i % 5 == 0:
        print('Buzz')
    else:
        print(i)
","for i in range(1, 101):
    if i % 15 == 0:
        print('FizzBuzz')
    elif i % 3 == 0:
        print('Fizz')
    elif i % 5 == 0:
        print('Buzz')
    else:
        print(i)",correct,python,FizzBuzz
"for i in range(1, 101):
  if i % 15 == 0:
    print('FizzBuzz')
  elif i % 3 == 0:
    print('Fizz')
  elif i % 5 == 0:
    print('Buzz')
  else:
    print(i)","for i in range(1, 101):
    if i % 15 == 0:
        print('FizzBuzz')
    elif i % 3 == 0:
        print('Fizz')
    elif i % 5 == 0:
        print('Buzz')
    else:
        print(i)",correct,python,FizzBuzz
"for i in range(1, 101):
    if i % 15 == 0:
        print('FizzBuzz')
    elif i % 3 == 0:
        print('Fizz')
    elif i % 5 == 0:
        print('Buzz')
    else:
        print(i)","for i in range(1, 101):
    if i % 15 == 0:
        print('FizzBuzz')
    elif i % 3 == 0:
        print('Fizz')
    elif i % 5 == 0:
        print('Buzz')
    else:
        print(i)",correct,python,FizzBuzz
"for i in range(1, 101):
    if i % 15 == 0:
        print('FizzBuzz')
    elif i % 3 == 0:
        print('Fizz')
    elif i % 5 == 0:
        print('Buzz')
    else:
        print(i)","for i in range(1, 101):
    if i % 15 == 0:
        print('FizzBuzz')
    elif i % 3 == 0:
        print('Fizz')
    elif i % 5 == 0:
        print('Buzz')
    else:
        print(i)",correct,python,FizzBuzz
"for i in range(1, 101):
  if i % 15 == 0:
    print('FizzBuzz')
  elif i % 3 == 0:
    print('Fizz')
  elif i % 5 == 0:
    print('Buzz')
  else:
    print(i)","for i in range(1, 101):
    if i % 15 == 0:
        print('FizzBuzz')
    elif i % 3 == 0:
        print('Fizz')
    elif i % 5 == 0:
        print('Buzz')
    else:
        print(i)",correct,python,FizzBuzz
"for i in range(1, 101):
  if i % 15 == 0:
    print('FizzBuzz')
  elif i % 3 == 0:
    print('Fizz')
  elif i % 5 == 0:
    print('Buzz')
  else:
    print(i)","for i in range(1, 101):
    if i % 15 == 0:
        print('FizzBuzz')
    elif i % 3 == 0:
        print('Fizz')
    elif i % 5 == 0:
        print('Buzz')
    else:
        print(i)",correct,python,FizzBuzz
"for i in range(1, 101):
    if i % 15 == 0:
        print('FizzBuzz')
    elif i % 3 == 0:
        print('Fizz')
    elif i % 5 == 0:
        print('Buzz')
    else:
        print(i)
","for i in range(1, 101):
    if i % 15 == 0:
        print('FizzBuzz')
    elif i % 3 == 0:
        print('Fizz')
    elif i % 5 == 0:
        print('Buzz')
    else:
        print(i)",correct,python,FizzBuzz
"for i in range(1, 101):
    if i % 15 == 0:
        print('FizzBuzz')
    elif i % 3 == 0:
        print('Fizz')
    elif i % 5 == 0:
        print('Buzz')
    else:
        print(i)
","for i in range(1, 101):
    if i % 15 == 0:
        print('FizzBuzz')
    elif i % 3 == 0:
        print('Fizz')
    elif i % 5 == 0:
        print('Buzz')
    else:
        print(i)",correct,python,FizzBuzz
"for i in range(1, 101):
  if i % 15 == 0:
    print('FizzBuzz')
  elif i % 3 == 0:
    print('Fizz')
  elif i % 5 == 0:
    print('Buzz')
  else:
    print(i)","for i in range(1, 101):
    if i % 15 == 0:
        print('FizzBuzz')
    elif i % 3 == 0:
        print('Fizz')
    elif i % 5 == 0:
        print('Buzz')
    else:
        print(i)",correct,python,FizzBuzz
"for i in range(1, 101):
    if i % 15 == 0:
        print('FizzBuzz')
    elif i % 3 == 0:
        print('Fizz')
    elif i % 5 == 0:
        print('Buzz')
    else:
        print(i)
","for i in range(1, 101):
    if i % 15 == 0:
        print('FizzBuzz')
    elif i % 3 == 0:
        print('Fizz')
    elif i % 5 == 0:
        print('Buzz')
    else:
        print(i)",correct,python,FizzBuzz
"For i in range(1, 101:
    if i % 15 == 0:
        print('FizzBuzz')
    elif i % 3 == 0:
        print('Fizz')
    elif i % 5 == 0:
        print('Buzz')
    else:
        print(i)","for i in range(1, 101):
    if i % 15 == 0:
        print('FizzBuzz')
    elif i % 3 == 0:
        print('Fizz')
    elif i % 5 == 0:
        print('Buzz')
    else:
        print(i)",syntax_error,python,FizzBuzz
"for i in range(1, 101
    if i % 15 == 0:
        print('FizzBuzz')
    elif i % 3 == 0:
        print('Fizz')
    elif i % 5 == 0:
        print('Buzz')
    else:
        print(i)","for i in range(1, 101):
    if i % 15 == 0:
        print('FizzBuzz')
    elif i % 3 == 0:
        print('Fizz')
    elif i % 5 == 0:
        print('Buzz')
    else:
        print(i)",syntax_error,python,FizzBuzz
"for i in range(1 101:
    if i % 15 == 0:
        print('FizzBuzz')
    elif i % 3 == 0:
        print('Fizz')
    elif i % 5 == 0:
        print('Buzz')
    else:
        print(i)","for i in range(1, 101):
    if i % 15 == 0:
        print('FizzBuzz')
    elif i % 3 == 0:
        print('Fizz')
    elif i % 5 == 0:
        print('Buzz')
    else:
        print(i)",syntax_error,python,FizzBuzz
"For i in range(1, 101);
    If i % 15 == 0:
        print('FizzBuzz')
    elif i % 3 == 0:
        print('Fizz')
    elif i % 5 == 0:
        print('Buzz')
    else:
        print(i)","for i in range(1, 101):
    if i % 15 == 0:
        print('FizzBuzz')
    elif i % 3 == 0:
        print('Fizz')
    elif i % 5 == 0:
        print('Buzz')
    else:
        print(i)",syntax_error,python,FizzBuzz
"for i in range1, 101):
    if i % 15 == 0:
        print(FizzBuzz)
    elif i % 3 == 0:
        print('Fizz')
    elif i % 5 == 0:
        print('Buzz')
    else:
        print(i)","for i in range(1, 101):
    if i % 15 == 0:
        print('FizzBuzz')
    elif i % 3 == 0:
        print('Fizz')
    elif i % 5 == 0:
        print('Buzz')
    else:
        print(i)",syntax_error,python,FizzBuzz
"for i in range(1, 101);
    if i % 15 == 0
        print('FizzBuzz')
    elif i % 3 == 0:
        print('Fizz')
    elif i % 5 == 0:
        print('Buzz')
    else:
        print(i)","for i in range(1, 101):
    if i % 15 == 0:
        print('FizzBuzz')
    elif i % 3 == 0:
        print('Fizz')
    elif i % 5 == 0:
        print('Buzz')
    else:
        print(i)",syntax_error,python,FizzBuzz
"for i in range(1, 101);
    if i % 15 == 0:
        print('FizzBuzz')
    elif i % 3 == 0:
        print('Fizz')
    elif i % 5 == 0:
        print('Buzz')
    else:
        print(i)","for i in range(1, 101):
    if i % 15 == 0:
        print('FizzBuzz')
    elif i % 3 == 0:
        print('Fizz')
    elif i % 5 == 0:
        print('Buzz')
    else:
        print(i)",syntax_error,python,FizzBuzz
"for i in range1, 101):
    if i % 15 == 0:
        print(FizzBuzz)
    elif i % 3 == 0:
        print('Fizz')
    elif i % 5 == 0:
        print('Buzz')
    else:
        print(i)","for i in range(1, 101):
    if i % 15 == 0:
        print('FizzBuzz')
    elif i % 3 == 0:
        print('Fizz')
    elif i % 5 == 0:
        print('Buzz')
    else:
        print(i)",syntax_error,python,FizzBuzz
"For i in range(1, 101):
    if i % 15 == 0:
        print('FizzBuzz')
    elif i % 3 == 0:
        print('Fizz')
    elif i % 5 == 0:
        print('Buzz')
    else:
        print(i)","for i in range(1, 101):
    if i % 15 == 0:
        print('FizzBuzz')
    elif i % 3 == 0:
        print('Fizz')
    elif i % 5 == 0:
        print('Buzz')
    else:
        print(i)",syntax_error,python,FizzBuzz
"for i in range(1, 101)
    if i % 15 == 0:
        print('FizzBuzz')
    elif i % 3 == 0:
        print('Fizz')
    elif i % 5 == 0:
        print('Buzz')
    else:
        print(i)","for i in range(1, 101):
    if i % 15 == 0:
        print('FizzBuzz')
    elif i % 3 == 0:
        print('Fizz')
    elif i % 5 == 0:
        print('Buzz')
    else:
        print(i)",syntax_error,python,FizzBuzz
"for i in range1, 101:
    if i % 15 == 0:
        print('FizzBuzz')
    elif i % 3 == 0:
        print('Fizz')
    elif i % 5 == 0:
        print('Buzz')
    else:
        print(i)","for i in range(1, 101):
    if i % 15 == 0:
        print('FizzBuzz')
    elif i % 3 == 0:
        print('Fizz')
    elif i % 5 == 0:
        print('Buzz')
    else:
        print(i)",syntax_error,python,FizzBuzz
"for i in range(1, 101);
    if i % 15 == 0:
        print('FizzBuzz')
    elif i % 3 == 0:
        print('Fizz')
    elif i % 5 == 0:
        print('Buzz')
    else:
        print(i)","for i in range(1, 101):
    if i % 15 == 0:
        print('FizzBuzz')
    elif i % 3 == 0:
        print('Fizz')
    elif i % 5 == 0:
        print('Buzz')
    else:
        print(i)",syntax_error,python,FizzBuzz
"for i in range(1, 101);
    if i % 15 == 0:
        print('FizzBuzz')
    elif i % 3 == 0:
        print('Fizz')
    elif i % 5 == 0:
        print('Buzz')
    else:
        print(i)","for i in range(1, 101):
    if i % 15 == 0:
        print('FizzBuzz')
    elif i % 3 == 0:
        print('Fizz')
    elif i % 5 == 0:
        print('Buzz')
    else:
        print(i)",syntax_error,python,FizzBuzz
"for i in range(1, 101):
    if i % 15 == 0:
        print(FizzBuzz)
    elif i % 3 == 0:
        print('Fizz')
    elif i % 5 == 0:
        print('Buzz')
    else:
        print(i)","for i in range(1, 101):
    if i % 15 == 0:
        print('FizzBuzz')
    elif i % 3 == 0:
        print('Fizz')
    elif i % 5 == 0:
        print('Buzz')
    else:
        print(i)",syntax_error,python,FizzBuzz
"for i in range(1, 101)
    If i % 15 == 0:
        print('FizzBuzz')
    elif i % 3 == 0:
        print('Fizz')
    elif i % 5 == 0:
        print('Buzz')
    else:
        print(i)","for i in range(1, 101):
    if i % 15 == 0:
        print('FizzBuzz')
    elif i % 3 == 0:
        print('Fizz')
    elif i % 5 == 0:
        print('Buzz')
    else:
        print(i)",syntax_error,python,FizzBuzz
"for i in range(1, 101;
    if i % 15 == 0:
        print('FizzBuzz')
    elif i % 3 == 0:
        print('Fizz')
    elif i % 5 == 0:
        print('Buzz')
    else:
        print(i)","for i in range(1, 101):
    if i % 15 == 0:
        print('FizzBuzz')
    elif i % 3 == 0:
        print('Fizz')
    elif i % 5 == 0:
        print('Buzz')
    else:
        print(i)",syntax_error,python,FizzBuzz
"for i in range(1, 101);
    if i % 15 == 0:
        print('FizzBuzz')
    elif i % 3 == 0:
        print('Fizz')
    elif i % 5 == 0:
        print('Buzz')
    else:
        print(i)","for i in range(1, 101):
    if i % 15 == 0:
        print('FizzBuzz')
    elif i % 3 == 0:
        print('Fizz')
    elif i % 5 == 0:
        print('Buzz')
    else:
        print(i)",syntax_error,python,FizzBuzz
"For i in range(1 101)
    if i % 15 == 0:
        print('FizzBuzz')
    elif i % 3 == 0:
        print('Fizz')
    elif i % 5 == 0:
        print('Buzz')
    else:
        print(i)","for i in range(1, 101):
    if i % 15 == 0:
        print('FizzBuzz')
    elif i % 3 == 0:
        print('Fizz')
    elif i % 5 == 0:
        print('Buzz')
    else:
        print(i)",syntax_error,python,FizzBuzz
"for i in range1, 101)
    If i % 15 == 0:
        print('FizzBuzz')
    elif i % 3 == 0:
        print('Fizz')
    elif i % 5 == 0:
        print('Buzz')
    else:
        print(i)","for i in range(1, 101):
    if i % 15 == 0:
        print('FizzBuzz')
    elif i % 3 == 0:
        print('Fizz')
    elif i % 5 == 0:
        print('Buzz')
    else:
        print(i)",syntax_error,python,FizzBuzz
"for i in range(1, 101)
    if i % 15 == 0:
        print('FizzBuzz')
    elif i % 3 == 0:
        print('Fizz')
    elif i % 5 == 0:
        print('Buzz')
    else:
        print(i)","for i in range(1, 101):
    if i % 15 == 0:
        print('FizzBuzz')
    elif i % 3 == 0:
        print('Fizz')
    elif i % 5 == 0:
        print('Buzz')
    else:
        print(i)",syntax_error,python,FizzBuzz
"for i in range(1, 101):
    if i % 15 == 0:
        print(FizzBuzz)
    elif i % 3 == 0:
        print('Fizz')
    elif i % 5 == 0:
        print('Buzz')
    else:
        print(i)","for i in range(1, 101):
    if i % 15 == 0:
        print('FizzBuzz')
    elif i % 3 == 0:
        print('Fizz')
    elif i % 5 == 0:
        print('Buzz')
    else:
        print(i)",syntax_error,python,FizzBuzz
"for i in range1, 101):
    if i % 15 == 0:
        print('FizzBuzz')
    elif i % 3 == 0:
        print('Fizz')
    elif i % 5 == 0:
        print('Buzz')
    else:
        print(i)","for i in range(1, 101):
    if i % 15 == 0:
        print('FizzBuzz')
    elif i % 3 == 0:
        print('Fizz')
    elif i % 5 == 0:
        print('Buzz')
    else:
        print(i)",syntax_error,python,FizzBuzz
"for i in range(1, 101);
    if i % 15 == 0:
        print('FizzBuzz')
    elif i % 3 == 0:
        print('Fizz')
    elif i % 5 == 0:
        print('Buzz')
    else:
        print(i)","for i in range(1, 101):
    if i % 15 == 0:
        print('FizzBuzz')
    elif i % 3 == 0:
        print('Fizz')
    elif i % 5 == 0:
        print('Buzz')
    else:
        print(i)",syntax_error,python,FizzBuzz
"For i in range(1, 101):
    if i % 15 == 0:
        print('FizzBuzz')
    elif i % 3 == 0:
        print('Fizz')
    elif i % 5 == 0:
        print('Buzz')
    else:
        print(i)","for i in range(1, 101):
    if i % 15 == 0:
        print('FizzBuzz')
    elif i % 3 == 0:
        print('Fizz')
    elif i % 5 == 0:
        print('Buzz')
    else:
        print(i)",syntax_error,python,FizzBuzz
"for i in range(1, 101)
    if i % 15 == 0:
        print('FizzBuzz')
    elif i % 3 == 0:
        print('Fizz')
    elif i % 5 == 0:
        print('Buzz')
    else:
        print(i)","for i in range(1, 101):
    if i % 15 == 0:
        print('FizzBuzz')
    elif i % 3 == 0:
        print('Fizz')
    elif i % 5 == 0:
        print('Buzz')
    else:
        print(i)",syntax_error,python,FizzBuzz
"for i in range(1 101):
    if i % 15 == 0:
        print('FizzBuzz')
    elif i % 3 == 0:
        print('Fizz')
    elif i % 5 == 0:
        print('Buzz')
    else:
        print(i)","for i in range(1, 101):
    if i % 15 == 0:
        print('FizzBuzz')
    elif i % 3 == 0:
        print('Fizz')
    elif i % 5 == 0:
        print('Buzz')
    else:
        print(i)",syntax_error,python,FizzBuzz
"for i in range(1, 101):
    if i % 15 = 0:
        print('FizzBuzz')
    elif i % 3 == 0:
        print('Fizz')
    elif i % 5 == 0:
        print('Buzz')
    else:
        print(i)","for i in range(1, 101):
    if i % 15 == 0:
        print('FizzBuzz')
    elif i % 3 == 0:
        print('Fizz')
    elif i % 5 == 0:
        print('Buzz')
    else:
        print(i)",logic_error,python,FizzBuzz
"for i in range(1, 101):
    if i % 15 = 0:
        print('FizzBuzz')
    elif i % 3 == 0:
        print('Fizz')
    elif i % 5 == 0:
        print('Buzz')
    else:
        print(i)","for i in range(1, 101):
    if i % 15 == 0:
        print('FizzBuzz')
    elif i % 3 == 0:
        print('Fizz')
    elif i % 5 == 0:
        print('Buzz')
    else:
        print(i)",logic_error,python,FizzBuzz
"for i in range(1, 101):
    if i % 15 = 0:
        print('FizzBuzz')
    elif i % 3 == 0:
        print('Fizz')
    elif i % 5 == 0:
        print('Buzz')
    else:
        print(i)","for i in range(1, 101):
    if i % 15 == 0:
        print('FizzBuzz')
    elif i % 3 == 0:
        print('Fizz')
    elif i % 5 == 0:
        print('Buzz')
    else:
        print(i)",logic_error,python,FizzBuzz
"for i in range(1, 101):
    if i % 15 == 0:
        print('FizzBuzz')
    elif i % 3 == 0:
        print('Fizz')
    elif i % 3 == 0:
        print('Buzz')
    else:
        print(i)","for i in range(1, 101):
    if i % 15 == 0:
        print('FizzBuzz')
    elif i % 3 == 0:
        print('Fizz')
    elif i % 5 == 0:
        print('Buzz')
    else:
        print(i)",logic_error,python,FizzBuzz
"for i in range(1, 101):
    if i % 15 == 1:
        print('FizzBuzz')
    elif i % 3 == 0:
        print('Fizz')
    elif i % 5 == 0:
        print('Buzz')
    else:
        print(i)","for i in range(1, 101):
    if i % 15 == 0:
        print('FizzBuzz')
    elif i % 3 == 0:
        print('Fizz')
    elif i % 5 == 0:
        print('Buzz')
    else:
        print(i)",logic_error,python,FizzBuzz
"for i in range(101):
    if i % 15 == 0:
        print('FizzBuzz')
    elif i % 3 == 0:
        print('Fizz')
    elif i % 5 == 0:
        print('Buzz')
    else:
        print(i)","for i in range(1, 101):
    if i % 15 == 0:
        print('FizzBuzz')
    elif i % 3 == 0:
        print('Fizz')
    elif i % 5 == 0:
        print('Buzz')
    else:
        print(i)",logic_error,python,FizzBuzz
"for i in range(101):
    if i % 15 == 0:
        print('FizzBuzz')
    elif i % 3 == 0:
        print('Fizz')
    elif i % 5 == 0:
        print('Buzz')
    else:
        print(i)","for i in range(1, 101):
    if i % 15 == 0:
        print('FizzBuzz')
    elif i % 3 == 0:
        print('Fizz')
    elif i % 5 == 0:
        print('Buzz')
    else:
        print(i)",logic_error,python,FizzBuzz
"for i in range(101):
    if i % 15 == 0:
        print('FizzBuzz')
    elif i % 3 == 0:
        print('Fizz')
    elif i % 5 == 0:
        print('Buzz')
    else:
        print(i)","for i in range(1, 101):
    if i % 15 == 0:
        print('FizzBuzz')
    elif i % 3 == 0:
        print('Fizz')
    elif i % 5 == 0:
        print('Buzz')
    else:
        print(i)",logic_error,python,FizzBuzz
"for i in range(1, 101):
    if i % 15 == 0:
        print('FizzBuzz')
    elif i % 3 == 0:
        print('Fizz')
    elif i % 3 == 0:
        print('Buzz')
    else:
        print(i)","for i in range(1, 101):
    if i % 15 == 0:
        print('FizzBuzz')
    elif i % 3 == 0:
        print('Fizz')
    elif i % 5 == 0:
        print('Buzz')
    else:
        print(i)",logic_error,python,FizzBuzz
"for i in range(1, 101):
    if i % 15 == 0:
        print('FizzBuzz')
    elif i % 3 == 1:
        print('Fizz')
    elif i % 5 == 0:
        print('Buzz')
    else:
        print(i)","for i in range(1, 101):
    if i % 15 == 0:
        print('FizzBuzz')
    elif i % 3 == 0:
        print('Fizz')
    elif i % 5 == 0:
        print('Buzz')
    else:
        print(i)",logic_error,python,FizzBuzz
"for i in range(1, 100):
    if i % 15 == 0:
        print('FizzBuzz')
    elif i % 3 == 0:
        print('Fizz')
    elif i % 3 == 0:
        print('Buzz')
    else:
        print(i)","for i in range(1, 101):
    if i % 15 == 0:
        print('FizzBuzz')
    elif i % 3 == 0:
        print('Fizz')
    elif i % 5 == 0:
        print('Buzz')
    else:
        print(i)",logic_error,python,FizzBuzz
"for i in range(1, 101):
    if i % 15 == 1:
        print('FizzBuzz')
    elif i % 3 == 0:
        print('Fizz')
    elif i % 5 == 0:
        print('Buzz')
    else:
        print(i)","for i in range(1, 101):
    if i % 15 == 0:
        print('FizzBuzz')
    elif i % 3 == 0:
        print('Fizz')
    elif i % 5 == 0:
        print('Buzz')
    else:
        print(i)",logic_error,python,FizzBuzz
"for i in range(0, 101):
    if i % 15 == 0:
        print('FizzBuzz')
    elif i % 3 == 0:
        print('Fizz')
    elif i % 5 == 0:
        print('Buzz')
    else:
        print(i)","for i in range(1, 101):
    if i % 15 == 0:
        print('FizzBuzz')
    elif i % 3 == 0:
        print('Fizz')
    elif i % 5 == 0:
        print('Buzz')
    else:
        print(i)",logic_error,python,FizzBuzz
"for i in range(1, 101):
    if i % 15 == 0:
        print('FizzBuzz')
    elif i % 3 == 0:
        print('Fizz')
    elif i % 5 == 0:
        print('Buzz')
    else:
        print(i)
# TODO: optimize this code","for i in range(1, 101):
    if i % 15 == 0:
        print('FizzBuzz')
    elif i % 3 == 0:
        print('Fizz')
    elif i % 5 == 0:
        print('Buzz')
    else:
        print(i)",style_issue,python,FizzBuzz
"for i in range(1, 101):
    if i % 15 == 0:
        print('FizzBuzz')
    elif i % 3 == 0:
        print('Fizz')
    elif i % 5 == 0:
        print('Buzz')
    else:
        print(i)
# TODO: optimize this code","for i in range(1, 101):
    if i % 15 == 0:
        print('FizzBuzz')
    elif i % 3 == 0:
        print('Fizz')
    elif i % 5 == 0:
        print('Buzz')
    else:
        print(i)",style_issue,python,FizzBuzz
"for i in range(1, 101):
    if i % 15 == 0:
        print('FizzBuzz')
    elif i % 3 == 0:
        print('Fizz')
    elif i % 5 == 0:
        print('Buzz')
    else:
        print(i)
# TODO: optimize this code","for i in range(1, 101):
    if i % 15 == 0:
        print('FizzBuzz')
    elif i % 3 == 0:
        print('Fizz')
    elif i % 5 == 0:
        print('Buzz')
    else:
        print(i)",style_issue,python,FizzBuzz
"for i in range(1, 101):
    if i % 15 == 0:
        print('FizzBuzz')
    elif i % 3 == 0:
        print('Fizz')
    elif i % 5 == 0:
        print('Buzz')
    else:
        print(i)
# TODO: optimize this code","for i in range(1, 101):
    if i % 15 == 0:
        print('FizzBuzz')
    elif i % 3 == 0:
        print('Fizz')
    elif i % 5 == 0:
        print('Buzz')
    else:
        print(i)",style_issue,python,FizzBuzz
"for i in range(1, 101):
    if i % 15 == 0:
        print('FizzBuzz')
    elif i % 3 == 0:
        print('Fizz')
    elif i % 5 == 0:
        print('Buzz')
    else:
        print(i)
# TODO: optimize this code","for i in range(1, 101):
    if i % 15 == 0:
        print('FizzBuzz')
    elif i % 3 == 0:
        print('Fizz')
    elif i % 5 == 0:
        print('Buzz')
    else:
        print(i)",style_issue,python,FizzBuzz
"for i in range(1, 101):
    if i % 15 == 0:
        print('FizzBuzz')
    elif i % 3 == 0:
        print('Fizz')
    elif i % 5 == 0:
        print('Buzz')
    else:
        print(i)
# TODO: optimize this code","for i in range(1, 101):
    if i % 15 == 0:
        print('FizzBuzz')
    elif i % 3 == 0:
        print('Fizz')
    elif i % 5 == 0:
        print('Buzz')
    else:
        print(i)",style_issue,python,FizzBuzz
"for i in range(1, 101):
    if i % 15 == 0:
        print('FizzBuzz')
    elif i % 3 == 0:
        print('Fizz')
    elif i % 5 == 0:
        print('Buzz')
    else:
        print(i)
# TODO: optimize this code","for i in range(1, 101):
    if i % 15 == 0:
        print('FizzBuzz')
    elif i % 3 == 0:
        print('Fizz')
    elif i % 5 == 0:
        print('Buzz')
    else:
        print(i)",style_issue,python,FizzBuzz
"for i in range(1, 101):
    if i % 15 == 0:
        print('FizzBuzz')
    elif i % 3 == 0:
        print('Fizz')
    elif i % 5 == 0:
        print('Buzz')
    else:
        print(i)
# TODO: optimize this code","for i in range(1, 101):
    if i % 15 == 0:
        print('FizzBuzz')
    elif i % 3 == 0:
        print('Fizz')
    elif i % 5 == 0:
        print('Buzz')
    else:
        print(i)",style_issue,python,FizzBuzz
"for i in range(1, 101):
    if i % 15 == 0:
        print('FizzBuzz')
    elif i % 3 == 0:
        print('Fizz')
    elif i % 5 == 0:
        print('Buzz')
    else:
        print(i)
# TODO: optimize this code","for i in range(1, 101):
    if i % 15 == 0:
        print('FizzBuzz')
    elif i % 3 == 0:
        print('Fizz')
    elif i % 5 == 0:
        print('Buzz')
    else:
        print(i)",style_issue,python,FizzBuzz
"for i in range(1, 101):
    if i % 15 == 0:
        print('FizzBuzz')
    elif i % 3 == 0:
        print('Fizz')
    elif i % 5 == 0:
        print('Buzz')
    else:
        print(i)
# TODO: optimize this code","for i in range(1, 101):
    if i % 15 == 0:
        print('FizzBuzz')
    elif i % 3 == 0:
        print('Fizz')
    elif i % 5 == 0:
        print('Buzz')
    else:
        print(i)",style_issue,python,FizzBuzz
"for i in range(1, 101):
    if i % 15 == 0:
        print('FizzBuzz')
    elif i % 3 == 0:
        print('Fizz')
    elif i % 5 == 0:
        print('Buzz')
    else:
        print(i)
# TODO: optimize this code","for i in range(1, 101):
    if i % 15 == 0:
        print('FizzBuzz')
    elif i % 3 == 0:
        print('Fizz')
    elif i % 5 == 0:
        print('Buzz')
    else:
        print(i)",style_issue,python,FizzBuzz
"for i in range(1, 101):
    if i % 15 == 0:
        print('FizzBuzz')
    elif i % 3 == 0:
        print('Fizz')
    elif i % 5 == 0:
        print('Buzz')
    else:
        print(i)
# TODO: optimize this code","for i in range(1, 101):
    if i % 15 == 0:
        print('FizzBuzz')
    elif i % 3 == 0:
        print('Fizz')
    elif i % 5 == 0:
        print('Buzz')
    else:
        print(i)",style_issue,python,FizzBuzz
"for i in range(1, 101):
    if i % 15 == 0:
        print('FizzBuzz')
    elif i % 3 == 0:
        print('Fizz')
    elif i % 5 == 0:
        print('Buzz')
    else:
        print(i)
# TODO: optimize this code","for i in range(1, 101):
    if i % 15 == 0:
        print('FizzBuzz')
    elif i % 3 == 0:
        print('Fizz')
    elif i % 5 == 0:
        print('Buzz')
    else:
        print(i)",style_issue,python,FizzBuzz
"for i in range(1, 101):
    if i % 15 == 0:
        print('FizzBuzz')
    elif i % 3 == 0:
        print('Fizz')
    elif i % 5 == 0:
        print('Buzz')
    else:
        print(i)
# TODO: optimize this code","for i in range(1, 101):
    if i % 15 == 0:
        print('FizzBuzz')
    elif i % 3 == 0:
        print('Fizz')
    elif i % 5 == 0:
        print('Buzz')
    else:
        print(i)",style_issue,python,FizzBuzz
"for i in range(1, 101):
    if i % 15 == 0:
        print('FizzBuzz')
    elif i % 3 == 0:
        print('Fizz')
    elif i % 5 == 0:
        print('Buzz')
    else:
        print(i)
# TODO: optimize this code","for i in range(1, 101):
    if i % 15 == 0:
        print('FizzBuzz')
    elif i % 3 == 0:
        print('Fizz')
    elif i % 5 == 0:
        print('Buzz')
    else:
        print(i)",style_issue,python,FizzBuzz
"for i in range(1, 101):
    if i % 15 == 0:
        print('FizzBuzz')
    elif i % 3 == 0:
        print('Fizz')
    elif i % 5 == 0:
        print('Buzz')
    else:
        print(i)
# TODO: optimize this code","for i in range(1, 101):
    if i % 15 == 0:
        print('FizzBuzz')
    elif i % 3 == 0:
        print('Fizz')
    elif i % 5 == 0:
        print('Buzz')
    else:
        print(i)",style_issue,python,FizzBuzz
"for i in range(1, 101):
    if i % 15 == 0:
        print('FizzBuzz')
    elif i % 3 == 0:
        print('Fizz')
    elif i % 5 == 0:
        print('Buzz')
    else:
        print(i)
# TODO: optimize this code","for i in range(1, 101):
    if i % 15 == 0:
        print('FizzBuzz')
    elif i % 3 == 0:
        print('Fizz')
    elif i % 5 == 0:
        print('Buzz')
    else:
        print(i)",style_issue,python,FizzBuzz
"for i in range(1, 101):
    if i % 15 == 0:
        print('FizzBuzz')
    elif i % 3 == 0:
        print('Fizz')
    elif i % 5 == 0:
        print('Buzz')
    else:
        print(i)
# TODO: optimize this code","for i in range(1, 101):
    if i % 15 == 0:
        print('FizzBuzz')
    elif i % 3 == 0:
        print('Fizz')
    elif i % 5 == 0:
        print('Buzz')
    else:
        print(i)",style_issue,python,FizzBuzz
"for i in range(1, 101):
    if i % 15 == 0:
        print('FizzBuzz')
    elif i % 3 == 0:
        print('Fizz')
    elif i % 5 == 0:
        print('Buzz')
    else:
        print(i)
# TODO: optimize this code","for i in range(1, 101):
    if i % 15 == 0:
        print('FizzBuzz')
    elif i % 3 == 0:
        print('Fizz')
    elif i % 5 == 0:
        print('Buzz')
    else:
        print(i)",style_issue,python,FizzBuzz
"for i in range(1, 101):
    if i % 15 == 0:
        print('FizzBuzz')
    elif i % 3 == 0:
        print('Fizz')
    elif i % 5 == 0:
        print('Buzz')
    else:
        print(i)
# TODO: optimize this code","for i in range(1, 101):
    if i % 15 == 0:
        print('FizzBuzz')
    elif i % 3 == 0:
        print('Fizz')
    elif i % 5 == 0:
        print('Buzz')
    else:
        print(i)",style_issue,python,FizzBuzz
"for i in range(1, 101):
    if i % 15 == 0:
        print('FizzBuzz')
    elif i % 3 == 0:
        print('Fizz')
    elif i % 5 == 0:
        print('Buzz')
    else:
        print(i)
# TODO: optimize this code","for i in range(1, 101):
    if i % 15 == 0:
        print('FizzBuzz')
    elif i % 3 == 0:
        print('Fizz')
    elif i % 5 == 0:
        print('Buzz')
    else:
        print(i)",style_issue,python,FizzBuzz
"for i in range(1, 101):
    if i % 15 == 0:
        print('FizzBuzz')
    elif i % 3 == 0:
        print('Fizz')
    elif i % 5 == 0:
        print('Buzz')
    else:
        print(i)
# TODO: optimize this code","for i in range(1, 101):
    if i % 15 == 0:
        print('FizzBuzz')
    elif i % 3 == 0:
        print('Fizz')
    elif i % 5 == 0:
        print('Buzz')
    else:
        print(i)",style_issue,python,FizzBuzz
"for i in range(1, 101):
    if i % 15 == 0:
        print('FizzBuzz')
    elif i % 3 == 0:
        print('Fizz')
    elif i % 5 == 0:
        print('Buzz')
    else:
        print(i)
# TODO: optimize this code","for i in range(1, 101):
    if i % 15 == 0:
        print('FizzBuzz')
    elif i % 3 == 0:
        print('Fizz')
    elif i % 5 == 0:
        print('Buzz')
    else:
        print(i)",style_issue,python,FizzBuzz
"for i in range(1, 101):
    if i % 15 == 0:
        print('FizzBuzz')
    elif i % 3 == 0:
        print('Fizz')
    elif i % 5 == 0:
        print('Buzz')
    else:
        print(i)
# TODO: optimize this code","for i in range(1, 101):
    if i % 15 == 0:
        print('FizzBuzz')
    elif i % 3 == 0:
        print('Fizz')
    elif i % 5 == 0:
        print('Buzz')
    else:
        print(i)",style_issue,python,FizzBuzz
"for i in range(1, 101):
    if i % 15 == 0:
        print('FizzBuzz')
    elif i % 3 == 0:
        print('Fizz')
    elif i % 5 == 0:
        print('Buzz')
    else:
        print(i)
# TODO: optimize this code","for i in range(1, 101):
    if i % 15 == 0:
        print('FizzBuzz')
    elif i % 3 == 0:
        print('Fizz')
    elif i % 5 == 0:
        print('Buzz')
    else:
        print(i)",style_issue,python,FizzBuzz
"for i in range(1, 101):
    if i % 15 == 0:
        print('FizzBuzz')
    elif i % 3 == 0:
        print('Fizz')
    elif i % 5 == 0:
        print('Buzz')
    else:
        print(i)
# TODO: optimize this code","for i in range(1, 101):
    if i % 15 == 0:
        print('FizzBuzz')
    elif i % 3 == 0:
        print('Fizz')
    elif i % 5 == 0:
        print('Buzz')
    else:
        print(i)",style_issue,python,FizzBuzz
"for i in range(1, 101):
    if i % 15 == 0:
        print('FizzBuzz')
    elif i % 3 == 0:
        print('Fizz')
    elif i % 5 == 0:
        print('Buzz')
    else:
        print(i)
# TODO: optimize this code","for i in range(1, 101):
    if i % 15 == 0:
        print('FizzBuzz')
    elif i % 3 == 0:
        print('Fizz')
    elif i % 5 == 0:
        print('Buzz')
    else:
        print(i)",style_issue,python,FizzBuzz
"for i in range(1, 101):
    if i % 15 == 0:
        print('FizzBuzz')
    elif i % 3 == 0:
        print('Fizz')
    elif i % 5 == 0:
        print('Buzz')
    else:
        print(i)
# TODO: optimize this code","for i in range(1, 101):
    if i % 15 == 0:
        print('FizzBuzz')
    elif i % 3 == 0:
        print('Fizz')
    elif i % 5 == 0:
        print('Buzz')
    else:
        print(i)",style_issue,python,FizzBuzz
"def two_sum(nums, target):
  num_map = {}
  for i, num in enumerate(nums):
    complement = target - num
    if complement in num_map:
      return [num_map[complement], i]
    num_map[num] = i
  return []","def two_sum(nums, target):
    num_map = {}
    for i, num in enumerate(nums):
        complement = target - num
        if complement in num_map:
            return [num_map[complement], i]
        num_map[num] = i
    return []",correct,python,Two Sum
"def two_sum(nums, target):
  num_map = {}
  for i, num in enumerate(nums):
    complement = target - num
    if complement in num_map:
      return [num_map[complement], i]
    num_map[num] = i
  return []","def two_sum(nums, target):
    num_map = {}
    for i, num in enumerate(nums):
        complement = target - num
        if complement in num_map:
            return [num_map[complement], i]
        num_map[num] = i
    return []",correct,python,Two Sum
"def two_sum(nums, target):
    num_map = {}
    for i, num in enumerate(nums):
        complement = target - num
        if complement in num_map:
            return [num_map[complement], i]
        num_map[num] = i
    return []","def two_sum(nums, target):
    num_map = {}
    for i, num in enumerate(nums):
        complement = target - num
        if complement in num_map:
            return [num_map[complement], i]
        num_map[num] = i
    return []",correct,python,Two Sum
"def two_sum(nums, target):
  num_map = {}
  for i, num in enumerate(nums):
    complement = target - num
    if complement in num_map:
      return [num_map[complement], i]
    num_map[num] = i
  return []","def two_sum(nums, target):
    num_map = {}
    for i, num in enumerate(nums):
        complement = target - num
        if complement in num_map:
            return [num_map[complement], i]
        num_map[num] = i
    return []",correct,python,Two Sum
"def two_sum(nums, target):
    num_map = {}
    for i, num in enumerate(nums):
        complement = target - num
        if complement in num_map:
            return [num_map[complement], i]
        num_map[num] = i
    return []
","def two_sum(nums, target):
    num_map = {}
    for i, num in enumerate(nums):
        complement = target - num
        if complement in num_map:
            return [num_map[complement], i]
        num_map[num] = i
    return []",correct,python,Two Sum
"def two_sum(nums, target):
    num_map = {}
    for i, num in enumerate(nums):
        complement = target - num
        if complement in num_map:
            return [num_map[complement], i]
        num_map[num] = i
    return []","def two_sum(nums, target):
    num_map = {}
    for i, num in enumerate(nums):
        complement = target - num
        if complement in num_map:
            return [num_map[complement], i]
        num_map[num] = i
    return []",correct,python,Two Sum
"def two_sum(nums, target):
  num_map = {}
  for i, num in enumerate(nums):
    complement = target - num
    if complement in num_map:
      return [num_map[complement], i]
    num_map[num] = i
  return []","def two_sum(nums, target):
    num_map = {}
    for i, num in enumerate(nums):
        complement = target - num
        if complement in num_map:
            return [num_map[complement], i]
        num_map[num] = i
    return []",correct,python,Two Sum
"def two_sum(nums, target):
    num_map = {}
    for i, num in enumerate(nums):
        complement = target - num
        if complement in num_map:
            return [num_map[complement], i]
        num_map[num] = i
    return []","def two_sum(nums, target):
    num_map = {}
    for i, num in enumerate(nums):
        complement = target - num
        if complement in num_map:
            return [num_map[complement], i]
        num_map[num] = i
    return []",correct,python,Two Sum
"def two_sum(nums, target):
    num_map = {}
    for i, num in enumerate(nums):
        complement = target - num
        if complement in num_map:
            return [num_map[complement], i]
        num_map[num] = i
    return []","def two_sum(nums, target):
    num_map = {}
    for i, num in enumerate(nums):
        complement = target - num
        if complement in num_map:
            return [num_map[complement], i]
        num_map[num] = i
    return []",correct,python,Two Sum
"def two_sum(nums, target):
  num_map = {}
  for i, num in enumerate(nums):
    complement = target - num
    if complement in num_map:
      return [num_map[complement], i]
    num_map[num] = i
  return []","def two_sum(nums, target):
    num_map = {}
    for i, num in enumerate(nums):
        complement = target - num
        if complement in num_map:
            return [num_map[complement], i]
        num_map[num] = i
    return []",correct,python,Two Sum
"def two_sum(nums, target):
    num_map = {}
    for i, num in enumerate(nums):
        complement = target - num
        if complement in num_map:
            return [num_map[complement], i]
        num_map[num] = i
    return []","def two_sum(nums, target):
    num_map = {}
    for i, num in enumerate(nums):
        complement = target - num
        if complement in num_map:
            return [num_map[complement], i]
        num_map[num] = i
    return []",correct,python,Two Sum
"def two_sum(nums, target):
    num_map = {}
    for i, num in enumerate(nums):
        complement = target - num
        if complement in num_map:
            return [num_map[complement], i]
        num_map[num] = i
    return []
","def two_sum(nums, target):
    num_map = {}
    for i, num in enumerate(nums):
        complement = target - num
        if complement in num_map:
            return [num_map[complement], i]
        num_map[num] = i
    return []",correct,python,Two Sum
"def two_sum(nums, target):
    num_map = {}
    for i, num in enumerate(nums):
        complement = target - num
        if complement in num_map:
            return [num_map[complement], i]
        num_map[num] = i
    return []
","def two_sum(nums, target):
    num_map = {}
    for i, num in enumerate(nums):
        complement = target - num
        if complement in num_map:
            return [num_map[complement], i]
        num_map[num] = i
    return []",correct,python,Two Sum
"def two_sum(nums, target):
    num_map = {}
    for i, num in enumerate(nums):
        complement = target - num
        if complement in num_map:
            return [num_map[complement], i]
        num_map[num] = i
    return []","def two_sum(nums, target):
    num_map = {}
    for i, num in enumerate(nums):
        complement = target - num
        if complement in num_map:
            return [num_map[complement], i]
        num_map[num] = i
    return []",correct,python,Two Sum
"def two_sum(nums, target):
    num_map = {}
    for i, num in enumerate(nums):
        complement = target - num
        if complement in num_map:
            return [num_map[complement], i]
        num_map[num] = i
    return []
","def two_sum(nums, target):
    num_map = {}
    for i, num in enumerate(nums):
        complement = target - num
        if complement in num_map:
            return [num_map[complement], i]
        num_map[num] = i
    return []",correct,python,Two Sum
"def two_sum(nums, target):
  num_map = {}
  for i, num in enumerate(nums):
    complement = target - num
    if complement in num_map:
      return [num_map[complement], i]
    num_map[num] = i
  return []","def two_sum(nums, target):
    num_map = {}
    for i, num in enumerate(nums):
        complement = target - num
        if complement in num_map:
            return [num_map[complement], i]
        num_map[num] = i
    return []",correct,python,Two Sum
"def two_sum(nums, target):
    num_map = {}
    for i, num in enumerate(nums):
        complement = target - num
        if complement in num_map:
            return [num_map[complement], i]
        num_map[num] = i
    return []","def two_sum(nums, target):
    num_map = {}
    for i, num in enumerate(nums):
        complement = target - num
        if complement in num_map:
            return [num_map[complement], i]
        num_map[num] = i
    return []",correct,python,Two Sum
"def two_sum(nums, target):
  num_map = {}
  for i, num in enumerate(nums):
    complement = target - num
    if complement in num_map:
      return [num_map[complement], i]
    num_map[num] = i
  return []","def two_sum(nums, target):
    num_map = {}
    for i, num in enumerate(nums):
        complement = target - num
        if complement in num_map:
            return [num_map[complement], i]
        num_map[num] = i
    return []",correct,python,Two Sum
"def two_sum(nums, target):
    num_map = {}
    for i, num in enumerate(nums):
        complement = target - num
        if complement in num_map:
            return [num_map[complement], i]
        num_map[num] = i
    return []
","def two_sum(nums, target):
    num_map = {}
    for i, num in enumerate(nums):
        complement = target - num
        if complement in num_map:
            return [num_map[complement], i]
        num_map[num] = i
    return []",correct,python,Two Sum
"def two_sum(nums, target):
    num_map = {}
    for i, num in enumerate(nums):
        complement = target - num
        if complement in num_map:
            return [num_map[complement], i]
        num_map[num] = i
    return []","def two_sum(nums, target):
    num_map = {}
    for i, num in enumerate(nums):
        complement = target - num
        if complement in num_map:
            return [num_map[complement], i]
        num_map[num] = i
    return []",correct,python,Two Sum
"def two_sum(nums, target):
  num_map = {}
  for i, num in enumerate(nums):
    complement = target - num
    if complement in num_map:
      return [num_map[complement], i]
    num_map[num] = i
  return []","def two_sum(nums, target):
    num_map = {}
    for i, num in enumerate(nums):
        complement = target - num
        if complement in num_map:
            return [num_map[complement], i]
        num_map[num] = i
    return []",correct,python,Two Sum
"def two_sum(nums, target):
  num_map = {}
  for i, num in enumerate(nums):
    complement = target - num
    if complement in num_map:
      return [num_map[complement], i]
    num_map[num] = i
  return []","def two_sum(nums, target):
    num_map = {}
    for i, num in enumerate(nums):
        complement = target - num
        if complement in num_map:
            return [num_map[complement], i]
        num_map[num] = i
    return []",correct,python,Two Sum
"def two_sum(nums, target):
    num_map = {}
    for i, num in enumerate(nums):
        complement = target - num
        if complement in num_map:
            return [num_map[complement], i]
        num_map[num] = i
    return []
","def two_sum(nums, target):
    num_map = {}
    for i, num in enumerate(nums):
        complement = target - num
        if complement in num_map:
            return [num_map[complement], i]
        num_map[num] = i
    return []",correct,python,Two Sum
"def two_sum(nums, target):
  num_map = {}
  for i, num in enumerate(nums):
    complement = target - num
    if complement in num_map:
      return [num_map[complement], i]
    num_map[num] = i
  return []","def two_sum(nums, target):
    num_map = {}
    for i, num in enumerate(nums):
        complement = target - num
        if complement in num_map:
            return [num_map[complement], i]
        num_map[num] = i
    return []",correct,python,Two Sum
"def two_sum(nums, target):
    num_map = {}
    for i, num in enumerate(nums):
        complement = target - num
        if complement in num_map:
            return [num_map[complement], i]
        num_map[num] = i
    return []
","def two_sum(nums, target):
    num_map = {}
    for i, num in enumerate(nums):
        complement = target - num
        if complement in num_map:
            return [num_map[complement], i]
        num_map[num] = i
    return []",correct,python,Two Sum
"def two_sum(nums, target):
    num_map = {}
    for i, num in enumerate(nums):
        complement = target - num
        if complement in num_map:
            return [num_map[complement], i]
        num_map[num] = i
    return []
","def two_sum(nums, target):
    num_map = {}
    for i, num in enumerate(nums):
        complement = target - num
        if complement in num_map:
            return [num_map[complement], i]
        num_map[num] = i
    return []",correct,python,Two Sum
"def two_sum(nums, target):
  num_map = {}
  for i, num in enumerate(nums):
    complement = target - num
    if complement in num_map:
      return [num_map[complement], i]
    num_map[num] = i
  return []","def two_sum(nums, target):
    num_map = {}
    for i, num in enumerate(nums):
        complement = target - num
        if complement in num_map:
            return [num_map[complement], i]
        num_map[num] = i
    return []",correct,python,Two Sum
"def two_sum(nums, target):
  num_map = {}
  for i, num in enumerate(nums):
    complement = target - num
    if complement in num_map:
      return [num_map[complement], i]
    num_map[num] = i
  return []","def two_sum(nums, target):
    num_map = {}
    for i, num in enumerate(nums):
        complement = target - num
        if complement in num_map:
            return [num_map[complement], i]
        num_map[num] = i
    return []",correct,python,Two Sum
"def two_sum(nums, target):
    num_map = {}
    for i, num in enumerate(nums):
        complement = target - num
        If complement in num_map:
            return [num_map[complement], i]
        num_map[num] = i
    return []","def two_sum(nums, target):
    num_map = {}
    for i, num in enumerate(nums):
        complement = target - num
        if complement in num_map:
            return [num_map[complement], i]
        num_map[num] = i
    return []",syntax_error,python,Two Sum
"def two_sumnums, target):
    num_map = {}
    for i, num in enumerate(nums):
        complement = target - num
        If complement in num_map:
            return [num_map[complement], i]
        num_map[num] = i
    return []","def two_sum(nums, target):
    num_map = {}
    for i, num in enumerate(nums):
        complement = target - num
        if complement in num_map:
            return [num_map[complement], i]
        num_map[num] = i
    return []",syntax_error,python,Two Sum
"Def two_sum(nums, target:
    num_map = {}
    for i, num in enumerate(nums):
        complement = target - num
        if complement in num_map:
            Return [num_map[complement], i]
        num_map[num] = i
    return []","def two_sum(nums, target):
    num_map = {}
    for i, num in enumerate(nums):
        complement = target - num
        if complement in num_map:
            return [num_map[complement], i]
        num_map[num] = i
    return []",syntax_error,python,Two Sum
"def two_sumnums, target):
    num_map = {}
    for i, num in enumerate(nums):
        complement = target - num
        if complement in num_map:
            return [num_map[complement], i]
        num_map[num] = i
    return []","def two_sum(nums, target):
    num_map = {}
    for i, num in enumerate(nums):
        complement = target - num
        if complement in num_map:
            return [num_map[complement], i]
        num_map[num] = i
    return []",syntax_error,python,Two Sum
"def two_sumnums, target):
    num_map = {}
    for i, num in enumerate(nums):
        complement = target - num
        if complement in num_map:
            return [num_map[complement], i]
        num_map[num] = i
    return []","def two_sum(nums, target):
    num_map = {}
    for i, num in enumerate(nums):
        complement = target - num
        if complement in num_map:
            return [num_map[complement], i]
        num_map[num] = i
    return []",syntax_error,python,Two Sum
"def$ two_sum(nums, target):
    num_map = {}
    for i, num in enumerate(nums):
        complement = target - num
        if complement in num_map:
            return [num_map[complement], i]
        num_map[num] = i
    return []","def two_sum(nums, target):
    num_map = {}
    for i, num in enumerate(nums):
        complement = target - num
        if complement in num_map:
            return [num_map[complement], i]
        num_map[num] = i
    return []",syntax_error,python,Two Sum
"def two_sum(nums, target);
    num_map = {}
    for i, num in enumerate(nums):
        complement = target - num
        If complement in num_map:
            return [num_map[complement], i]
        num_map[num] = i
    return []","def two_sum(nums, target):
    num_map = {}
    for i, num in enumerate(nums):
        complement = target - num
        if complement in num_map:
            return [num_map[complement], i]
        num_map[num] = i
    return []",syntax_error,python,Two Sum
"Def two_sum(nums, target):
    num_map = {}
    for i, num in enumerate(nums):
        complement = target - num
        If complement in num_map:
            Return [num_map[complement], i]
        num_map[num] = i
    return []","def two_sum(nums, target):
    num_map = {}
    for i, num in enumerate(nums):
        complement = target - num
        if complement in num_map:
            return [num_map[complement], i]
        num_map[num] = i
    return []",syntax_error,python,Two Sum
"def two_sum(nums, target):
    num_map = {}
    For i, num in enumerate(nums):
        complement = target - num
        if complement in num_map:
            return [num_map[complement], i]
        num_map[num] = i
    return []","def two_sum(nums, target):
    num_map = {}
    for i, num in enumerate(nums):
        complement = target - num
        if complement in num_map:
            return [num_map[complement], i]
        num_map[num] = i
    return []",syntax_error,python,Two Sum
"Def two_sum(nums, target)
    num_map = {}
    for i, num in enumerate(nums):
        complement = target - num
        if complement in num_map:
            Return [num_map[complement], i]
        num_map[num] = i
    return []","def two_sum(nums, target):
    num_map = {}
    for i, num in enumerate(nums):
        complement = target - num
        if complement in num_map:
            return [num_map[complement], i]
        num_map[num] = i
    return []",syntax_error,python,Two Sum
"def two_sum(nums, target:
    num_map = {}
    for i, num in enumerate(nums):
        complement = target - num
        if complement in num_map:
            Return [num_map[complement], i]
        num_map[num] = i
    return []","def two_sum(nums, target):
    num_map = {}
    for i, num in enumerate(nums):
        complement = target - num
        if complement in num_map:
            return [num_map[complement], i]
        num_map[num] = i
    return []",syntax_error,python,Two Sum
"def two_sumnums, target:
    num_map = {}
    for i, num in enumerate(nums):
        complement = target - num
        if complement in num_map:
            Return [num_map[complement], i]
        num_map[num] = i
    return []","def two_sum(nums, target):
    num_map = {}
    for i, num in enumerate(nums):
        complement = target - num
        if complement in num_map:
            return [num_map[complement], i]
        num_map[num] = i
    return []",syntax_error,python,Two Sum
"def two_sum(nums, target);
    num_map = {}
    for i, num in enumerate(nums):
        complement = target - num
        If complement in num_map:
            return [num_map[complement], i]
        num_map[num] = i
    return []","def two_sum(nums, target):
    num_map = {}
    for i, num in enumerate(nums):
        complement = target - num
        if complement in num_map:
            return [num_map[complement], i]
        num_map[num] = i
    return []",syntax_error,python,Two Sum
"def$ two_sum(nums, target);
    num_map = {}
    for i, num in enumerate(nums):
        complement = target - num
        If complement in num_map:
            return [num_map[complement], i]
        num_map[num] = i
    return []","def two_sum(nums, target):
    num_map = {}
    for i, num in enumerate(nums):
        complement = target - num
        if complement in num_map:
            return [num_map[complement], i]
        num_map[num] = i
    return []",syntax_error,python,Two Sum
"def$ two_sum(nums, target):
    num_map = {}
    for i, num in enumerate(nums):
        complement = target - num
        if complement in num_map:
            return [num_map[complement], i]
        num_map[num] = i
    return []","def two_sum(nums, target):
    num_map = {}
    for i, num in enumerate(nums):
        complement = target - num
        if complement in num_map:
            return [num_map[complement], i]
        num_map[num] = i
    return []",syntax_error,python,Two Sum
"def two_sum(nums, target):
    num_map = {}
    For i, num in enumerate(nums):
        complement = target - num
        if complement in num_map:
            return [num_map[complement], i]
        num_map[num] = i
    return []","def two_sum(nums, target):
    num_map = {}
    for i, num in enumerate(nums):
        complement = target - num
        if complement in num_map:
            return [num_map[complement], i]
        num_map[num] = i
    return []",syntax_error,python,Two Sum
"Def two_sum(nums target):
    num_map = {}
    for i, num in enumerate(nums):
        complement = target - num
        if complement in num_map:
            return [num_map[complement], i]
        num_map[num] = i
    return []","def two_sum(nums, target):
    num_map = {}
    for i, num in enumerate(nums):
        complement = target - num
        if complement in num_map:
            return [num_map[complement], i]
        num_map[num] = i
    return []",syntax_error,python,Two Sum
"Def two_sum(nums, target):
    num_map = {}
    for i, num in enumerate(nums):
        complement = target - num
        If complement in num_map:
            return [num_map[complement], i]
        num_map[num] = i
    return []","def two_sum(nums, target):
    num_map = {}
    for i, num in enumerate(nums):
        complement = target - num
        if complement in num_map:
            return [num_map[complement], i]
        num_map[num] = i
    return []",syntax_error,python,Two Sum
"Def two_sum(nums, target);
    num_map = {}
    for i, num in enumerate(nums):
        complement = target - num
        If complement in num_map:
            return [num_map[complement], i]
        num_map[num] = i
    return []","def two_sum(nums, target):
    num_map = {}
    for i, num in enumerate(nums):
        complement = target - num
        if complement in num_map:
            return [num_map[complement], i]
        num_map[num] = i
    return []",syntax_error,python,Two Sum
"def two_sum(nums, target)
    num_map = {}
    For i, num in enumerate(nums):
        complement = target - num
        if complement in num_map:
            Return [num_map[complement], i]
        num_map[num] = i
    return []","def two_sum(nums, target):
    num_map = {}
    for i, num in enumerate(nums):
        complement = target - num
        if complement in num_map:
            return [num_map[complement], i]
        num_map[num] = i
    return []",syntax_error,python,Two Sum
"def$ two_sum(nums target:
    num_map = {}
    for i, num in enumerate(nums):
        complement = target - num
        if complement in num_map:
            return [num_map[complement], i]
        num_map[num] = i
    return []","def two_sum(nums, target):
    num_map = {}
    for i, num in enumerate(nums):
        complement = target - num
        if complement in num_map:
            return [num_map[complement], i]
        num_map[num] = i
    return []",syntax_error,python,Two Sum
"def two_sum(nums, target:
    num_map = {}
    for i, num in enumerate(nums):
        complement = target - num
        if complement in num_map:
            Return [num_map[complement], i]
        num_map[num] = i
    return []","def two_sum(nums, target):
    num_map = {}
    for i, num in enumerate(nums):
        complement = target - num
        if complement in num_map:
            return [num_map[complement], i]
        num_map[num] = i
    return []",syntax_error,python,Two Sum
"Def two_sum(nums target):
    num_map = {}
    for i, num in enumerate(nums):
        complement = target - num
        if complement in num_map:
            return [num_map[complement], i]
        num_map[num] = i
    return []","def two_sum(nums, target):
    num_map = {}
    for i, num in enumerate(nums):
        complement = target - num
        if complement in num_map:
            return [num_map[complement], i]
        num_map[num] = i
    return []",syntax_error,python,Two Sum
"def two_sum(nums, target):
    num_map = {}
    for i, num in enumerate(nums):
        complement = target - num
        If complement in num_map:
            return [num_map[complement], i]
        num_map[num] = i
    return []","def two_sum(nums, target):
    num_map = {}
    for i, num in enumerate(nums):
        complement = target - num
        if complement in num_map:
            return [num_map[complement], i]
        num_map[num] = i
    return []",syntax_error,python,Two Sum
"def$ two_sum(nums, target):
    num_map = {}
    for i, num in enumerate(nums):
        complement = target - num
        if complement in num_map:
            return [num_map[complement], i]
        num_map[num] = i
    return []","def two_sum(nums, target):
    num_map = {}
    for i, num in enumerate(nums):
        complement = target - num
        if complement in num_map:
            return [num_map[complement], i]
        num_map[num] = i
    return []",syntax_error,python,Two Sum
"def$ two_sum(nums, target):
    num_map = {}
    For i, num in enumerate(nums):
        complement = target - num
        If complement in num_map:
            return [num_map[complement], i]
        num_map[num] = i
    return []","def two_sum(nums, target):
    num_map = {}
    for i, num in enumerate(nums):
        complement = target - num
        if complement in num_map:
            return [num_map[complement], i]
        num_map[num] = i
    return []",syntax_error,python,Two Sum
"Def two_sum(nums, target:
    num_map = {}
    for i, num in enumerate(nums):
        complement = target - num
        if complement in num_map:
            return [num_map[complement], i]
        num_map[num] = i
    return []","def two_sum(nums, target):
    num_map = {}
    for i, num in enumerate(nums):
        complement = target - num
        if complement in num_map:
            return [num_map[complement], i]
        num_map[num] = i
    return []",syntax_error,python,Two Sum
"def two_sum(nums, target):
    num_map = {}
    for i, num in enumerate(nums):
        complement = target - num
        if complement in num_map:
            return [num_map[complement], i]
        num_map[num] = i
    return []
# TODO: optimize this code","def two_sum(nums, target):
    num_map = {}
    for i, num in enumerate(nums):
        complement = target - num
        if complement in num_map:
            return [num_map[complement], i]
        num_map[num] = i
    return []",style_issue,python,Two Sum
"def two_sum(nums, target):
    num_map = {}
    for i, num in enumerate(nums):
        complement = target - num
        if complement in num_map:
            return [num_map[complement], i]
        num_map[num] = i
    return []
# TODO: optimize this code","def two_sum(nums, target):
    num_map = {}
    for i, num in enumerate(nums):
        complement = target - num
        if complement in num_map:
            return [num_map[complement], i]
        num_map[num] = i
    return []",style_issue,python,Two Sum
"def two_sum(nums, target):
    num_map = {}
    for i, num in enumerate(nums):
        complement = target - num
        if complement in num_map:
            return [num_map[complement], i]
        num_map[num] = i
    return []
# TODO: optimize this code","def two_sum(nums, target):
    num_map = {}
    for i, num in enumerate(nums):
        complement = target - num
        if complement in num_map:
            return [num_map[complement], i]
        num_map[num] = i
    return []",style_issue,python,Two Sum
"def two_sum(nums, target):
    num_map = {}
    for i, num in enumerate(nums):
        complement = target - num
        if complement in num_map:
            return [num_map[complement], i]
        num_map[num] = i
    return []
# TODO: optimize this code","def two_sum(nums, target):
    num_map = {}
    for i, num in enumerate(nums):
        complement = target - num
        if complement in num_map:
            return [num_map[complement], i]
        num_map[num] = i
    return []",style_issue,python,Two Sum
"def two_sum(nums, target):
    num_map = {}
    for i, num in enumerate(nums):
        complement = target - num
        if complement in num_map:
            return [num_map[complement], i]
        num_map[num] = i
    return []
# TODO: optimize this code","def two_sum(nums, target):
    num_map = {}
    for i, num in enumerate(nums):
        complement = target - num
        if complement in num_map:
            return [num_map[complement], i]
        num_map[num] = i
    return []",style_issue,python,Two Sum
"def two_sum(nums, target):
    num_map = {}
    for i, num in enumerate(nums):
        complement = target - num
        if complement in num_map:
            return [num_map[complement], i]
        num_map[num] = i
    return []
# TODO: optimize this code","def two_sum(nums, target):
    num_map = {}
    for i, num in enumerate(nums):
        complement = target - num
        if complement in num_map:
            return [num_map[complement], i]
        num_map[num] = i
    return []",style_issue,python,Two Sum
"def two_sum(nums, target):
    num_map = {}
    for i, num in enumerate(nums):
        complement = target - num
        if complement in num_map:
            return [num_map[complement], i]
        num_map[num] = i
    return []
# TODO: optimize this code","def two_sum(nums, target):
    num_map = {}
    for i, num in enumerate(nums):
        complement = target - num
        if complement in num_map:
            return [num_map[complement], i]
        num_map[num] = i
    return []",style_issue,python,Two Sum
"def two_sum(nums, target):
    num_map = {}
    for i, num in enumerate(nums):
        complement = target - num
        if complement in num_map:
            return [num_map[complement], i]
        num_map[num] = i
    return []
# TODO: optimize this code","def two_sum(nums, target):
    num_map = {}
    for i, num in enumerate(nums):
        complement = target - num
        if complement in num_map:
            return [num_map[complement], i]
        num_map[num] = i
    return []",style_issue,python,Two Sum
"def two_sum(nums, target):
    num_map = {}
    for i, num in enumerate(nums):
        complement = target - num
        if complement in num_map:
            return [num_map[complement], i]
        num_map[num] = i
    return []
# TODO: optimize this code","def two_sum(nums, target):
    num_map = {}
    for i, num in enumerate(nums):
        complement = target - num
        if complement in num_map:
            return [num_map[complement], i]
        num_map[num] = i
    return []",style_issue,python,Two Sum
"def two_sum(nums, target):
    num_map = {}
    for i, num in enumerate(nums):
        complement = target - num
        if complement in num_map:
            return [num_map[complement], i]
        num_map[num] = i
    return []
# TODO: optimize this code","def two_sum(nums, target):
    num_map = {}
    for i, num in enumerate(nums):
        complement = target - num
        if complement in num_map:
            return [num_map[complement], i]
        num_map[num] = i
    return []",style_issue,python,Two Sum
"def two_sum(nums, target):
    num_map = {}
    for i, num in enumerate(nums):
        complement = target - num
        if complement in num_map:
            return [num_map[complement], i]
        num_map[num] = i
    return []
# TODO: optimize this code","def two_sum(nums, target):
    num_map = {}
    for i, num in enumerate(nums):
        complement = target - num
        if complement in num_map:
            return [num_map[complement], i]
        num_map[num] = i
    return []",style_issue,python,Two Sum
"def two_sum(nums, target):
    num_map = {}
    for i, num in enumerate(nums):
        complement = target - num
        if complement in num_map:
            return [num_map[complement], i]
        num_map[num] = i
    return []
# TODO: optimize this code","def two_sum(nums, target):
    num_map = {}
    for i, num in enumerate(nums):
        complement = target - num
        if complement in num_map:
            return [num_map[complement], i]
        num_map[num] = i
    return []",style_issue,python,Two Sum
"def two_sum(nums, target):
    num_map = {}
    for i, num in enumerate(nums):
        complement = target - num
        if complement in num_map:
            return [num_map[complement], i]
        num_map[num] = i
    return []
# TODO: optimize this code","def two_sum(nums, target):
    num_map = {}
    for i, num in enumerate(nums):
        complement = target - num
        if complement in num_map:
            return [num_map[complement], i]
        num_map[num] = i
    return []",style_issue,python,Two Sum
"def two_sum(nums, target):
    num_map = {}
    for i, num in enumerate(nums):
        complement = target - num
        if complement in num_map:
            return [num_map[complement], i]
        num_map[num] = i
    return []
# TODO: optimize this code","def two_sum(nums, target):
    num_map = {}
    for i, num in enumerate(nums):
        complement = target - num
        if complement in num_map:
            return [num_map[complement], i]
        num_map[num] = i
    return []",style_issue,python,Two Sum
"def two_sum(nums, target):
    num_map = {}
    for i, num in enumerate(nums):
        complement = target - num
        if complement in num_map:
            return [num_map[complement], i]
        num_map[num] = i
    return []
# TODO: optimize this code","def two_sum(nums, target):
    num_map = {}
    for i, num in enumerate(nums):
        complement = target - num
        if complement in num_map:
            return [num_map[complement], i]
        num_map[num] = i
    return []",style_issue,python,Two Sum
"def two_sum(nums, target):
    num_map = {}
    for i, num in enumerate(nums):
        complement = target - num
        if complement in num_map:
            return [num_map[complement], i]
        num_map[num] = i
    return []
# TODO: optimize this code","def two_sum(nums, target):
    num_map = {}
    for i, num in enumerate(nums):
        complement = target - num
        if complement in num_map:
            return [num_map[complement], i]
        num_map[num] = i
    return []",style_issue,python,Two Sum
"def two_sum(nums, target):
    num_map = {}
    for i, num in enumerate(nums):
        complement = target - num
        if complement in num_map:
            return [num_map[complement], i]
        num_map[num] = i
    return []
# TODO: optimize this code","def two_sum(nums, target):
    num_map = {}
    for i, num in enumerate(nums):
        complement = target - num
        if complement in num_map:
            return [num_map[complement], i]
        num_map[num] = i
    return []",style_issue,python,Two Sum
"def two_sum(nums, target):
    num_map = {}
    for i, num in enumerate(nums):
        complement = target - num
        if complement in num_map:
            return [num_map[complement], i]
        num_map[num] = i
    return []
# TODO: optimize this code","def two_sum(nums, target):
    num_map = {}
    for i, num in enumerate(nums):
        complement = target - num
        if complement in num_map:
            return [num_map[complement], i]
        num_map[num] = i
    return []",style_issue,python,Two Sum
"def two_sum(nums, target):
    num_map = {}
    for i, num in enumerate(nums):
        complement = target - num
        if complement in num_map:
            return [num_map[complement], i]
        num_map[num] = i
    return []
# TODO: optimize this code","def two_sum(nums, target):
    num_map = {}
    for i, num in enumerate(nums):
        complement = target - num
        if complement in num_map:
            return [num_map[complement], i]
        num_map[num] = i
    return []",style_issue,python,Two Sum
"def two_sum(nums, target):
    num_map = {}
    for i, num in enumerate(nums):
        complement = target - num
        if complement in num_map:
            return [num_map[complement], i]
        num_map[num] = i
    return []
# TODO: optimize this code","def two_sum(nums, target):
    num_map = {}
    for i, num in enumerate(nums):
        complement = target - num
        if complement in num_map:
            return [num_map[complement], i]
        num_map[num] = i
    return []",style_issue,python,Two Sum
"def two_sum(nums, target):
    num_map = {}
    for i, num in enumerate(nums):
        complement = target - num
        if complement in num_map:
            return [num_map[complement], i]
        num_map[num] = i
    return []
# TODO: optimize this code","def two_sum(nums, target):
    num_map = {}
    for i, num in enumerate(nums):
        complement = target - num
        if complement in num_map:
            return [num_map[complement], i]
        num_map[num] = i
    return []",style_issue,python,Two Sum
"def two_sum(nums, target):
    num_map = {}
    for i, num in enumerate(nums):
        complement = target - num
        if complement in num_map:
            return [num_map[complement], i]
        num_map[num] = i
    return []
# TODO: optimize this code","def two_sum(nums, target):
    num_map = {}
    for i, num in enumerate(nums):
        complement = target - num
        if complement in num_map:
            return [num_map[complement], i]
        num_map[num] = i
    return []",style_issue,python,Two Sum
"def two_sum(nums, target):
    num_map = {}
    for i, num in enumerate(nums):
        complement = target - num
        if complement in num_map:
            return [num_map[complement], i]
        num_map[num] = i
    return []
# TODO: optimize this code","def two_sum(nums, target):
    num_map = {}
    for i, num in enumerate(nums):
        complement = target - num
        if complement in num_map:
            return [num_map[complement], i]
        num_map[num] = i
    return []",style_issue,python,Two Sum
"def two_sum(nums, target):
    num_map = {}
    for i, num in enumerate(nums):
        complement = target - num
        if complement in num_map:
            return [num_map[complement], i]
        num_map[num] = i
    return []
# TODO: optimize this code","def two_sum(nums, target):
    num_map = {}
    for i, num in enumerate(nums):
        complement = target - num
        if complement in num_map:
            return [num_map[complement], i]
        num_map[num] = i
    return []",style_issue,python,Two Sum
"def two_sum(nums, target):
    num_map = {}
    for i, num in enumerate(nums):
        complement = target - num
        if complement in num_map:
            return [num_map[complement], i]
        num_map[num] = i
    return []
# TODO: optimize this code","def two_sum(nums, target):
    num_map = {}
    for i, num in enumerate(nums):
        complement = target - num
        if complement in num_map:
            return [num_map[complement], i]
        num_map[num] = i
    return []",style_issue,python,Two Sum
"def two_sum(nums, target):
    num_map = {}
    for i, num in enumerate(nums):
        complement = target - num
        if complement in num_map:
            return [num_map[complement], i]
        num_map[num] = i
    return []
# TODO: optimize this code","def two_sum(nums, target):
    num_map = {}
    for i, num in enumerate(nums):
        complement = target - num
        if complement in num_map:
            return [num_map[complement], i]
        num_map[num] = i
    return []",style_issue,python,Two Sum
"def two_sum(nums, target):
    num_map = {}
    for i, num in enumerate(nums):
        complement = target - num
        if complement in num_map:
            return [num_map[complement], i]
        num_map[num] = i
    return []
# TODO: optimize this code","def two_sum(nums, target):
    num_map = {}
    for i, num in enumerate(nums):
        complement = target - num
        if complement in num_map:
            return [num_map[complement], i]
        num_map[num] = i
    return []",style_issue,python,Two Sum
"def two_sum(nums, target):
    num_map = {}
    for i, num in enumerate(nums):
        complement = target - num
        if complement in num_map:
            return [num_map[complement], i]
        num_map[num] = i
    return []
# TODO: optimize this code","def two_sum(nums, target):
    num_map = {}
    for i, num in enumerate(nums):
        complement = target - num
        if complement in num_map:
            return [num_map[complement], i]
        num_map[num] = i
    return []",style_issue,python,Two Sum
"def is_palindrome(s):
  s = s.lower()
  left, right = 0, len(s) - 1
  while left < right:
    if s[left] != s[right]:
      return False
    left += 1
    right -= 1
  return True","def is_palindrome(s):
    s = s.lower()
    left, right = 0, len(s) - 1
    while left < right:
        if s[left] != s[right]:
            return False
        left += 1
        right -= 1
    return True",correct,python,Palindrome Check
"def is_palindrome(s):
  s = s.lower()
  left, right = 0, len(s) - 1
  while left < right:
    if s[left] != s[right]:
      return False
    left += 1
    right -= 1
  return True","def is_palindrome(s):
    s = s.lower()
    left, right = 0, len(s) - 1
    while left < right:
        if s[left] != s[right]:
            return False
        left += 1
        right -= 1
    return True",correct,python,Palindrome Check
"def is_palindrome(s):
  s = s.lower()
  left, right = 0, len(s) - 1
  while left < right:
    if s[left] != s[right]:
      return False
    left += 1
    right -= 1
  return True","def is_palindrome(s):
    s = s.lower()
    left, right = 0, len(s) - 1
    while left < right:
        if s[left] != s[right]:
            return False
        left += 1
        right -= 1
    return True",correct,python,Palindrome Check
"def is_palindrome(s):
  s = s.lower()
  left, right = 0, len(s) - 1
  while left < right:
    if s[left] != s[right]:
      return False
    left += 1
    right -= 1
  return True","def is_palindrome(s):
    s = s.lower()
    left, right = 0, len(s) - 1
    while left < right:
        if s[left] != s[right]:
            return False
        left += 1
        right -= 1
    return True",correct,python,Palindrome Check
"def is_palindrome(s):
    s = s.lower()
    left, right = 0, len(s) - 1
    while left < right:
        if s[left] != s[right]:
            return False
        left += 1
        right -= 1
    return True
","def is_palindrome(s):
    s = s.lower()
    left, right = 0, len(s) - 1
    while left < right:
        if s[left] != s[right]:
            return False
        left += 1
        right -= 1
    return True",correct,python,Palindrome Check
"def is_palindrome(s):
    s = s.lower()
    left, right = 0, len(s) - 1
    while left < right:
        if s[left] != s[right]:
            return False
        left += 1
        right -= 1
    return True
","def is_palindrome(s):
    s = s.lower()
    left, right = 0, len(s) - 1
    while left < right:
        if s[left] != s[right]:
            return False
        left += 1
        right -= 1
    return True",correct,python,Palindrome Check
"def is_palindrome(s):
    s = s.lower()
    left, right = 0, len(s) - 1
    while left < right:
        if s[left] != s[right]:
            return False
        left += 1
        right -= 1
    return True
","def is_palindrome(s):
    s = s.lower()
    left, right = 0, len(s) - 1
    while left < right:
        if s[left] != s[right]:
            return False
        left += 1
        right -= 1
    return True",correct,python,Palindrome Check
"def is_palindrome(s):
    s = s.lower()
    left, right = 0, len(s) - 1
    while left < right:
        if s[left] != s[right]:
            return False
        left += 1
        right -= 1
    return True
","def is_palindrome(s):
    s = s.lower()
    left, right = 0, len(s) - 1
    while left < right:
        if s[left] != s[right]:
            return False
        left += 1
        right -= 1
    return True",correct,python,Palindrome Check
"def is_palindrome(s):
    s = s.lower()
    left, right = 0, len(s) - 1
    while left < right:
        if s[left] != s[right]:
            return False
        left += 1
        right -= 1
    return True
","def is_palindrome(s):
    s = s.lower()
    left, right = 0, len(s) - 1
    while left < right:
        if s[left] != s[right]:
            return False
        left += 1
        right -= 1
    return True",correct,python,Palindrome Check
"def is_palindrome(s):
    s = s.lower()
    left, right = 0, len(s) - 1
    while left < right:
        if s[left] != s[right]:
            return False
        left += 1
        right -= 1
    return True","def is_palindrome(s):
    s = s.lower()
    left, right = 0, len(s) - 1
    while left < right:
        if s[left] != s[right]:
            return False
        left += 1
        right -= 1
    return True",correct,python,Palindrome Check
"def is_palindrome(s):
    s = s.lower()
    left, right = 0, len(s) - 1
    while left < right:
        if s[left] != s[right]:
            return False
        left += 1
        right -= 1
    return True
","def is_palindrome(s):
    s = s.lower()
    left, right = 0, len(s) - 1
    while left < right:
        if s[left] != s[right]:
            return False
        left += 1
        right -= 1
    return True",correct,python,Palindrome Check
"def is_palindrome(s):
    s = s.lower()
    left, right = 0, len(s) - 1
    while left < right:
        if s[left] != s[right]:
            return False
        left += 1
        right -= 1
    return True","def is_palindrome(s):
    s = s.lower()
    left, right = 0, len(s) - 1
    while left < right:
        if s[left] != s[right]:
            return False
        left += 1
        right -= 1
    return True",correct,python,Palindrome Check
"def is_palindrome(s):
  s = s.lower()
  left, right = 0, len(s) - 1
  while left < right:
    if s[left] != s[right]:
      return False
    left += 1
    right -= 1
  return True","def is_palindrome(s):
    s = s.lower()
    left, right = 0, len(s) - 1
    while left < right:
        if s[left] != s[right]:
            return False
        left += 1
        right -= 1
    return True",correct,python,Palindrome Check
"def is_palindrome(s):
    s = s.lower()
    left, right = 0, len(s) - 1
    while left < right:
        if s[left] != s[right]:
            return False
        left += 1
        right -= 1
    return True
","def is_palindrome(s):
    s = s.lower()
    left, right = 0, len(s) - 1
    while left < right:
        if s[left] != s[right]:
            return False
        left += 1
        right -= 1
    return True",correct,python,Palindrome Check
"def is_palindrome(s):
    s = s.lower()
    left, right = 0, len(s) - 1
    while left < right:
        if s[left] != s[right]:
            return False
        left += 1
        right -= 1
    return True","def is_palindrome(s):
    s = s.lower()
    left, right = 0, len(s) - 1
    while left < right:
        if s[left] != s[right]:
            return False
        left += 1
        right -= 1
    return True",correct,python,Palindrome Check
"def is_palindrome(s):
    s = s.lower()
    left, right = 0, len(s) - 1
    while left < right:
        if s[left] != s[right]:
            return False
        left += 1
        right -= 1
    return True
","def is_palindrome(s):
    s = s.lower()
    left, right = 0, len(s) - 1
    while left < right:
        if s[left] != s[right]:
            return False
        left += 1
        right -= 1
    return True",correct,python,Palindrome Check
"def is_palindrome(s):
    s = s.lower()
    left, right = 0, len(s) - 1
    while left < right:
        if s[left] != s[right]:
            return False
        left += 1
        right -= 1
    return True","def is_palindrome(s):
    s = s.lower()
    left, right = 0, len(s) - 1
    while left < right:
        if s[left] != s[right]:
            return False
        left += 1
        right -= 1
    return True",correct,python,Palindrome Check
"def is_palindrome(s):
  s = s.lower()
  left, right = 0, len(s) - 1
  while left < right:
    if s[left] != s[right]:
      return False
    left += 1
    right -= 1
  return True","def is_palindrome(s):
    s = s.lower()
    left, right = 0, len(s) - 1
    while left < right:
        if s[left] != s[right]:
            return False
        left += 1
        right -= 1
    return True",correct,python,Palindrome Check
"def is_palindrome(s):
    s = s.lower()
    left, right = 0, len(s) - 1
    while left < right:
        if s[left] != s[right]:
            return False
        left += 1
        right -= 1
    return True","def is_palindrome(s):
    s = s.lower()
    left, right = 0, len(s) - 1
    while left < right:
        if s[left] != s[right]:
            return False
        left += 1
        right -= 1
    return True",correct,python,Palindrome Check
"def is_palindrome(s):
    s = s.lower()
    left, right = 0, len(s) - 1
    while left < right:
        if s[left] != s[right]:
            return False
        left += 1
        right -= 1
    return True
","def is_palindrome(s):
    s = s.lower()
    left, right = 0, len(s) - 1
    while left < right:
        if s[left] != s[right]:
            return False
        left += 1
        right -= 1
    return True",correct,python,Palindrome Check
"def is_palindrome(s):
  s = s.lower()
  left, right = 0, len(s) - 1
  while left < right:
    if s[left] != s[right]:
      return False
    left += 1
    right -= 1
  return True","def is_palindrome(s):
    s = s.lower()
    left, right = 0, len(s) - 1
    while left < right:
        if s[left] != s[right]:
            return False
        left += 1
        right -= 1
    return True",correct,python,Palindrome Check
"def is_palindrome(s):
    s = s.lower()
    left, right = 0, len(s) - 1
    while left < right:
        if s[left] != s[right]:
            return False
        left += 1
        right -= 1
    return True
","def is_palindrome(s):
    s = s.lower()
    left, right = 0, len(s) - 1
    while left < right:
        if s[left] != s[right]:
            return False
        left += 1
        right -= 1
    return True",correct,python,Palindrome Check
"def is_palindrome(s):
    s = s.lower()
    left, right = 0, len(s) - 1
    while left < right:
        if s[left] != s[right]:
            return False
        left += 1
        right -= 1
    return True
","def is_palindrome(s):
    s = s.lower()
    left, right = 0, len(s) - 1
    while left < right:
        if s[left] != s[right]:
            return False
        left += 1
        right -= 1
    return True",correct,python,Palindrome Check
"def is_palindrome(s):
  s = s.lower()
  left, right = 0, len(s) - 1
  while left < right:
    if s[left] != s[right]:
      return False
    left += 1
    right -= 1
  return True","def is_palindrome(s):
    s = s.lower()
    left, right = 0, len(s) - 1
    while left < right:
        if s[left] != s[right]:
            return False
        left += 1
        right -= 1
    return True",correct,python,Palindrome Check
"def is_palindrome(s):
  s = s.lower()
  left, right = 0, len(s) - 1
  while left < right:
    if s[left] != s[right]:
      return False
    left += 1
    right -= 1
  return True","def is_palindrome(s):
    s = s.lower()
    left, right = 0, len(s) - 1
    while left < right:
        if s[left] != s[right]:
            return False
        left += 1
        right -= 1
    return True",correct,python,Palindrome Check
"def is_palindrome(s):
  s = s.lower()
  left, right = 0, len(s) - 1
  while left < right:
    if s[left] != s[right]:
      return False
    left += 1
    right -= 1
  return True","def is_palindrome(s):
    s = s.lower()
    left, right = 0, len(s) - 1
    while left < right:
        if s[left] != s[right]:
            return False
        left += 1
        right -= 1
    return True",correct,python,Palindrome Check
"def is_palindrome(s):
  s = s.lower()
  left, right = 0, len(s) - 1
  while left < right:
    if s[left] != s[right]:
      return False
    left += 1
    right -= 1
  return True","def is_palindrome(s):
    s = s.lower()
    left, right = 0, len(s) - 1
    while left < right:
        if s[left] != s[right]:
            return False
        left += 1
        right -= 1
    return True",correct,python,Palindrome Check
"def is_palindrome(s):
    s = s.lower()
    left, right = 0, len(s) - 1
    while left < right:
        if s[left] != s[right]:
            return False
        left += 1
        right -= 1
    return True","def is_palindrome(s):
    s = s.lower()
    left, right = 0, len(s) - 1
    while left < right:
        if s[left] != s[right]:
            return False
        left += 1
        right -= 1
    return True",correct,python,Palindrome Check
"Def is_palindrome(s):
    s = s.lower()
    left, right = 0, len(s) - 1
    while left < right:
        if s[left] != s[right]:
            return False
        left += 1
        right -= 1
    return True","def is_palindrome(s):
    s = s.lower()
    left, right = 0, len(s) - 1
    while left < right:
        if s[left] != s[right]:
            return False
        left += 1
        right -= 1
    return True",syntax_error,python,Palindrome Check
"def is_palindrome(s)
    s = s.lower()
    left, right = 0, len(s) - 1
    while left < right;
        if s[left] != s[right]:
            return False
        left += 1
        right -= 1
    return True","def is_palindrome(s):
    s = s.lower()
    left, right = 0, len(s) - 1
    while left < right:
        if s[left] != s[right]:
            return False
        left += 1
        right -= 1
    return True",syntax_error,python,Palindrome Check
"def$ is_palindrome(s):
    s = s.lower()
    left, right = 0, len(s) - 1
    while left < right:
        if s[left] != s[right]:
            Return False
        left += 1
        right -= 1
    return True","def is_palindrome(s):
    s = s.lower()
    left, right = 0, len(s) - 1
    while left < right:
        if s[left] != s[right]:
            return False
        left += 1
        right -= 1
    return True",syntax_error,python,Palindrome Check
"Def is_palindrome(s):
    s = s.lower()
    left, right = 0, len(s) - 1
    while left < right:
        if s[left] != s[right]:
            return False
        left += 1
        right -= 1
    return True","def is_palindrome(s):
    s = s.lower()
    left, right = 0, len(s) - 1
    while left < right:
        if s[left] != s[right]:
            return False
        left += 1
        right -= 1
    return True",syntax_error,python,Palindrome Check
"def is_palindrome(s):
    s = s.lower()
    left right = 0, len(s) - 1
    while left < right:
        If s[left] != s[right]:
            return False
        left += 1
        right -= 1
    return True","def is_palindrome(s):
    s = s.lower()
    left, right = 0, len(s) - 1
    while left < right:
        if s[left] != s[right]:
            return False
        left += 1
        right -= 1
    return True",syntax_error,python,Palindrome Check
"def is_palindrome(s):
    s = s.lower()
    left, right = 0, len(s) - 1
    while left < right:
        if s[left] != s[right]:
            Return False
        left += 1
        right -= 1
    return True","def is_palindrome(s):
    s = s.lower()
    left, right = 0, len(s) - 1
    while left < right:
        if s[left] != s[right]:
            return False
        left += 1
        right -= 1
    return True",syntax_error,python,Palindrome Check
"def$ is_palindrome(s):
    s = s.lower()
    left, right = 0, len(s) - 1
    while left < right:
        if s[left] != s[right]:
            return False
        left += 1
        right -= 1
    return True","def is_palindrome(s):
    s = s.lower()
    left, right = 0, len(s) - 1
    while left < right:
        if s[left] != s[right]:
            return False
        left += 1
        right -= 1
    return True",syntax_error,python,Palindrome Check
"def is_palindromes):
    s = s.lower()
    left, right = 0, len(s) - 1
    while left < right:
        if s[left] != s[right]:
            return False
        left += 1
        right -= 1
    return True","def is_palindrome(s):
    s = s.lower()
    left, right = 0, len(s) - 1
    while left < right:
        if s[left] != s[right]:
            return False
        left += 1
        right -= 1
    return True",syntax_error,python,Palindrome Check
"def is_palindrome(s:
    s = s.lower()
    left, right = 0, len(s) - 1
    while left < right:
        if s[left] != s[right]:
            return False
        left += 1
        right -= 1
    return True","def is_palindrome(s):
    s = s.lower()
    left, right = 0, len(s) - 1
    while left < right:
        if s[left] != s[right]:
            return False
        left += 1
        right -= 1
    return True",syntax_error,python,Palindrome Check
"def is_palindrome(s):
    s = s.lower()
    left, right = 0, len(s) - 1
    while left < right:
        if s[left] != s[right]:
            Return False
        left += 1
        right -= 1
    return True","def is_palindrome(s):
    s = s.lower()
    left, right = 0, len(s) - 1
    while left < right:
        if s[left] != s[right]:
            return False
        left += 1
        right -= 1
    return True",syntax_error,python,Palindrome Check
"def is_palindrome(s):
    s = s.lower()
    left, right = 0, len(s) - 1
    while left < right:
        if s[left] != s[right]:
            Return False
        left += 1
        right -= 1
    return True","def is_palindrome(s):
    s = s.lower()
    left, right = 0, len(s) - 1
    while left < right:
        if s[left] != s[right]:
            return False
        left += 1
        right -= 1
    return True",syntax_error,python,Palindrome Check
"def$ is_palindromes);
    s = s.lower()
    left, right = 0, len(s) - 1
    while left < right:
        if s[left] != s[right]:
            return False
        left += 1
        right -= 1
    return True","def is_palindrome(s):
    s = s.lower()
    left, right = 0, len(s) - 1
    while left < right:
        if s[left] != s[right]:
            return False
        left += 1
        right -= 1
    return True",syntax_error,python,Palindrome Check
"def is_palindromes:
    s = s.lower()
    left, right = 0, len(s) - 1
    while left < right:
        if s[left] != s[right]:
            return False
        left += 1
        right -= 1
    return True","def is_palindrome(s):
    s = s.lower()
    left, right = 0, len(s) - 1
    while left < right:
        if s[left] != s[right]:
            return False
        left += 1
        right -= 1
    return True",syntax_error,python,Palindrome Check
"def is_palindrome(s;
    s = s.lower()
    left, right = 0, len(s) - 1
    while left < right:
        If s[left] != s[right]:
            return False
        left += 1
        right -= 1
    return True","def is_palindrome(s):
    s = s.lower()
    left, right = 0, len(s) - 1
    while left < right:
        if s[left] != s[right]:
            return False
        left += 1
        right -= 1
    return True",syntax_error,python,Palindrome Check
"def is_palindromes):
    s = s.lower()
    left right = 0, len(s) - 1
    while left < right:
        if s[left] != s[right]:
            return False
        left += 1
        right -= 1
    return True","def is_palindrome(s):
    s = s.lower()
    left, right = 0, len(s) - 1
    while left < right:
        if s[left] != s[right]:
            return False
        left += 1
        right -= 1
    return True",syntax_error,python,Palindrome Check
"def is_palindrome(s:
    s = s.lower()
    left, right = 0, len(s) - 1
    while left < right:
        if s[left] != s[right]:
            Return False
        left += 1
        right -= 1
    return True","def is_palindrome(s):
    s = s.lower()
    left, right = 0, len(s) - 1
    while left < right:
        if s[left] != s[right]:
            return False
        left += 1
        right -= 1
    return True",syntax_error,python,Palindrome Check
"Def is_palindrome(s):
    s = s.lower()
    left, right = 0, len(s) - 1
    while left < right:
        if s[left] != s[right]:
            return False
        left += 1
        right -= 1
    return True","def is_palindrome(s):
    s = s.lower()
    left, right = 0, len(s) - 1
    while left < right:
        if s[left] != s[right]:
            return False
        left += 1
        right -= 1
    return True",syntax_error,python,Palindrome Check
"def is_palindromes):
    s = s.lower()
    left right = 0, len(s) - 1
    while left < right:
        if s[left] != s[right]:
            return False
        left += 1
        right -= 1
    return True","def is_palindrome(s):
    s = s.lower()
    left, right = 0, len(s) - 1
    while left < right:
        if s[left] != s[right]:
            return False
        left += 1
        right -= 1
    return True",syntax_error,python,Palindrome Check
"def$ is_palindrome(s):
    s = s.lower()
    left, right = 0, len(s) - 1
    while left < right:
        if s[left] != s[right]:
            return False
        left += 1
        right -= 1
    return True","def is_palindrome(s):
    s = s.lower()
    left, right = 0, len(s) - 1
    while left < right:
        if s[left] != s[right]:
            return False
        left += 1
        right -= 1
    return True",syntax_error,python,Palindrome Check
"def$ is_palindrome(s:
    s = s.lower()
    left, right = 0, len(s) - 1
    while left < right:
        if s[left] != s[right]:
            return False
        left += 1
        right -= 1
    return True","def is_palindrome(s):
    s = s.lower()
    left, right = 0, len(s) - 1
    while left < right:
        if s[left] != s[right]:
            return False
        left += 1
        right -= 1
    return True",syntax_error,python,Palindrome Check
"def is_palindrome(s):
    s = s.lower()
    left right = 0, len(s) - 1
    while left < right:
        if s[left] != s[right]:
            return False
        left += 1
        right -= 1
    return True","def is_palindrome(s):
    s = s.lower()
    left, right = 0, len(s) - 1
    while left < right:
        if s[left] != s[right]:
            return False
        left += 1
        right -= 1
    return True",syntax_error,python,Palindrome Check
"Def is_palindrome(s):
    s = s.lower()
    left right = 0, len(s) - 1
    while left < right:
        if s[left] != s[right]:
            return False
        left += 1
        right -= 1
    return True","def is_palindrome(s):
    s = s.lower()
    left, right = 0, len(s) - 1
    while left < right:
        if s[left] != s[right]:
            return False
        left += 1
        right -= 1
    return True",syntax_error,python,Palindrome Check
"def is_palindrome(s)
    s = s.lower()
    left, right = 0, len(s) - 1
    while left < right:
        if s[left] != s[right]:
            return False
        left += 1
        right -= 1
    return True","def is_palindrome(s):
    s = s.lower()
    left, right = 0, len(s) - 1
    while left < right:
        if s[left] != s[right]:
            return False
        left += 1
        right -= 1
    return True",syntax_error,python,Palindrome Check
"Def is_palindrome(s);
    s = s.lower()
    left, right = 0, len(s) - 1
    while left < right:
        if s[left] != s[right]:
            return False
        left += 1
        right -= 1
    return True","def is_palindrome(s):
    s = s.lower()
    left, right = 0, len(s) - 1
    while left < right:
        if s[left] != s[right]:
            return False
        left += 1
        right -= 1
    return True",syntax_error,python,Palindrome Check
"def is_palindrome(s);
    s = s.lower()
    left, right = 0, len(s) - 1
    while left < right:
        if s[left] != s[right]:
            return False
        left += 1
        right -= 1
    return True","def is_palindrome(s):
    s = s.lower()
    left, right = 0, len(s) - 1
    while left < right:
        if s[left] != s[right]:
            return False
        left += 1
        right -= 1
    return True",syntax_error,python,Palindrome Check
"def$ is_palindromes):
    s = s.lower()
    left, right = 0, len(s) - 1
    while left < right:
        if s[left] != s[right]:
            Return False
        left += 1
        right -= 1
    return True","def is_palindrome(s):
    s = s.lower()
    left, right = 0, len(s) - 1
    while left < right:
        if s[left] != s[right]:
            return False
        left += 1
        right -= 1
    return True",syntax_error,python,Palindrome Check
"def is_palindrome(s):
    s = s.lower()
    left, right = 0, len(s) - 1
    while left <= right:
        if s[left] != s[right]:
            return False
        left += 1
        right -= 1
    return True","def is_palindrome(s):
    s = s.lower()
    left, right = 0, len(s) - 1
    while left < right:
        if s[left] != s[right]:
            return False
        left += 1
        right -= 1
    return True",logic_error,python,Palindrome Check
"def is_palindrome(s):
    s = s.lower()
    left, right = 0, len(s) - 1
    while left < right:
        if s[left] != s[right]:
            return False
        left += 1
        right += 1
    return True","def is_palindrome(s):
    s = s.lower()
    left, right = 0, len(s) - 1
    while left < right:
        if s[left] != s[right]:
            return False
        left += 1
        right -= 1
    return True",logic_error,python,Palindrome Check
"def is_palindrome(s):
    s = s.lower()
    left, right = 0, len(s) - 1
    while left < right:
        if s[left] != s[right]:
            return False
        left += 1
        right += 1
    return True","def is_palindrome(s):
    s = s.lower()
    left, right = 0, len(s) - 1
    while left < right:
        if s[left] != s[right]:
            return False
        left += 1
        right -= 1
    return True",logic_error,python,Palindrome Check
"def is_palindrome(s):
    s = s.lower()
    left, right = 0, len(s) - 1
    while left < right:
        if s[left] == s[right]:
            return False
        left += 1
        right -= 1
    return True","def is_palindrome(s):
    s = s.lower()
    left, right = 0, len(s) - 1
    while left < right:
        if s[left] != s[right]:
            return False
        left += 1
        right -= 1
    return True",logic_error,python,Palindrome Check
"def is_palindrome(s):
    s = s.lower()
    left, right = 0, len(s) - 1
    while left <= right:
        if s[left] != s[right]:
            return False
        left += 1
        right -= 1
    return True","def is_palindrome(s):
    s = s.lower()
    left, right = 0, len(s) - 1
    while left < right:
        if s[left] != s[right]:
            return False
        left += 1
        right -= 1
    return True",logic_error,python,Palindrome Check
"def is_palindrome(s):
    s = s.lower()
    left, right = 0, len(s) - 1
    while left <= right:
        if s[left] != s[right]:
            return False
        left += 1
        right -= 1
    return True","def is_palindrome(s):
    s = s.lower()
    left, right = 0, len(s) - 1
    while left < right:
        if s[left] != s[right]:
            return False
        left += 1
        right -= 1
    return True",logic_error,python,Palindrome Check
"def is_palindrome(s):
    s = s.lower()
    left, right = 0, len(s) - 1
    while left < right:
        if s[left] != s[right]:
            return True
        left += 1
        right -= 1
    return True","def is_palindrome(s):
    s = s.lower()
    left, right = 0, len(s) - 1
    while left < right:
        if s[left] != s[right]:
            return False
        left += 1
        right -= 1
    return True",logic_error,python,Palindrome Check
"def is_palindrome(s):
    s = s.lower()
    left, right = 0, len(s) - 1
    while left < right:
        if s[left] != s[right]:
            return True
        left += 1
        right -= 1
    return True","def is_palindrome(s):
    s = s.lower()
    left, right = 0, len(s) - 1
    while left < right:
        if s[left] != s[right]:
            return False
        left += 1
        right -= 1
    return True",logic_error,python,Palindrome Check
"def is_palindrome(s):
    s = s.lower()
    left, right = 0, len(s) - 1
    while left < right:
        if s[left] != s[right]:
            return False
        left += 1
        right -= 1
    return False","def is_palindrome(s):
    s = s.lower()
    left, right = 0, len(s) - 1
    while left < right:
        if s[left] != s[right]:
            return False
        left += 1
        right -= 1
    return True",logic_error,python,Palindrome Check
"def is_palindrome(s):
    s = s.lower()
    left, right = 0, len(s) - 1
    while left < right:
        if s[left] != s[right]:
            return False
        left -= 1
        right -= 1
    return True","def is_palindrome(s):
    s = s.lower()
    left, right = 0, len(s) - 1
    while left < right:
        if s[left] != s[right]:
            return False
        left += 1
        right -= 1
    return True",logic_error,python,Palindrome Check
"def is_palindrome(s):
    s = s.lower()
    left, right = 0, len(s) - 1
    while left < right:
        if s[left] != s[right]:
            return False
        left += 1
        right += 1
    return True","def is_palindrome(s):
    s = s.lower()
    left, right = 0, len(s) - 1
    while left < right:
        if s[left] != s[right]:
            return False
        left += 1
        right -= 1
    return True",logic_error,python,Palindrome Check
"def is_palindrome(s):
    s = s.lower()
    left, right = 0, len(s) - 1
    while left < right:
        if s[left] != s[right]:
            return False
        left -= 1
        right -= 1
    return True","def is_palindrome(s):
    s = s.lower()
    left, right = 0, len(s) - 1
    while left < right:
        if s[left] != s[right]:
            return False
        left += 1
        right -= 1
    return True",logic_error,python,Palindrome Check
"def is_palindrome(s):
    s = s.lower()
    left, right = 0, len(s) - 1
    while left < right:
        if s[left] != s[right]:
            return False
        left += 1
        right -= 1
    return False","def is_palindrome(s):
    s = s.lower()
    left, right = 0, len(s) - 1
    while left < right:
        if s[left] != s[right]:
            return False
        left += 1
        right -= 1
    return True",logic_error,python,Palindrome Check
"def is_palindrome(s):
    s = s.lower()
    left, right = 0, len(s) - 1
    while left <= right:
        if s[left] != s[right]:
            return False
        left += 1
        right -= 1
    return True","def is_palindrome(s):
    s = s.lower()
    left, right = 0, len(s) - 1
    while left < right:
        if s[left] != s[right]:
            return False
        left += 1
        right -= 1
    return True",logic_error,python,Palindrome Check
"def is_palindrome(s):
    s = s.lower()
    left, right = 0, len(s) - 1
    while left < right:
        if s[left] == s[right]:
            return False
        left += 1
        right -= 1
    return True","def is_palindrome(s):
    s = s.lower()
    left, right = 0, len(s) - 1
    while left < right:
        if s[left] != s[right]:
            return False
        left += 1
        right -= 1
    return True",logic_error,python,Palindrome Check
"def is_palindrome(s):
    s = s.lower()
    left, right = 0, len(s) - 1
    while left < right:
        if s[left] != s[right]:
            return False
        left += 1
        right -= 1
    return True
# TODO: optimize this code","def is_palindrome(s):
    s = s.lower()
    left, right = 0, len(s) - 1
    while left < right:
        if s[left] != s[right]:
            return False
        left += 1
        right -= 1
    return True",style_issue,python,Palindrome Check
"def is_palindrome(s):
    s = s.lower()
    left, right = 0, len(s) - 1
    while left < right:
        if s[left] != s[right]:
            return False
        left += 1
        right -= 1
    return True
# TODO: optimize this code","def is_palindrome(s):
    s = s.lower()
    left, right = 0, len(s) - 1
    while left < right:
        if s[left] != s[right]:
            return False
        left += 1
        right -= 1
    return True",style_issue,python,Palindrome Check
"def is_palindrome(s):
    s = s.lower()
    left, right = 0, len(s) - 1
    while left < right:
        if s[left] != s[right]:
            return False
        left += 1
        right -= 1
    return True
# TODO: optimize this code","def is_palindrome(s):
    s = s.lower()
    left, right = 0, len(s) - 1
    while left < right:
        if s[left] != s[right]:
            return False
        left += 1
        right -= 1
    return True",style_issue,python,Palindrome Check
"def is_palindrome(s):
    s = s.lower()
    left, right = 0, len(s) - 1
    while left < right:
        if s[left] != s[right]:
            return False
        left += 1
        right -= 1
    return True
# TODO: optimize this code","def is_palindrome(s):
    s = s.lower()
    left, right = 0, len(s) - 1
    while left < right:
        if s[left] != s[right]:
            return False
        left += 1
        right -= 1
    return True",style_issue,python,Palindrome Check
"def is_palindrome(s):
    s = s.lower()
    left, right = 0, len(s) - 1
    while left < right:
        if s[left] != s[right]:
            return False
        left += 1
        right -= 1
    return True
# TODO: optimize this code","def is_palindrome(s):
    s = s.lower()
    left, right = 0, len(s) - 1
    while left < right:
        if s[left] != s[right]:
            return False
        left += 1
        right -= 1
    return True",style_issue,python,Palindrome Check
"def is_palindrome(s):
    s = s.lower()
    left, right = 0, len(s) - 1
    while left < right:
        if s[left] != s[right]:
            return False
        left += 1
        right -= 1
    return True
# TODO: optimize this code","def is_palindrome(s):
    s = s.lower()
    left, right = 0, len(s) - 1
    while left < right:
        if s[left] != s[right]:
            return False
        left += 1
        right -= 1
    return True",style_issue,python,Palindrome Check
"def is_palindrome(s):
    s = s.lower()
    left, right = 0, len(s) - 1
    while left < right:
        if s[left] != s[right]:
            return False
        left += 1
        right -= 1
    return True
# TODO: optimize this code","def is_palindrome(s):
    s = s.lower()
    left, right = 0, len(s) - 1
    while left < right:
        if s[left] != s[right]:
            return False
        left += 1
        right -= 1
    return True",style_issue,python,Palindrome Check
"def is_palindrome(s):
    s = s.lower()
    left, right = 0, len(s) - 1
    while left < right:
        if s[left] != s[right]:
            return False
        left += 1
        right -= 1
    return True
# TODO: optimize this code","def is_palindrome(s):
    s = s.lower()
    left, right = 0, len(s) - 1
    while left < right:
        if s[left] != s[right]:
            return False
        left += 1
        right -= 1
    return True",style_issue,python,Palindrome Check
"def is_palindrome(s):
    s = s.lower()
    left, right = 0, len(s) - 1
    while left < right:
        if s[left] != s[right]:
            return False
        left += 1
        right -= 1
    return True
# TODO: optimize this code","def is_palindrome(s):
    s = s.lower()
    left, right = 0, len(s) - 1
    while left < right:
        if s[left] != s[right]:
            return False
        left += 1
        right -= 1
    return True",style_issue,python,Palindrome Check
"def is_palindrome(s):
    s = s.lower()
    left, right = 0, len(s) - 1
    while left < right:
        if s[left] != s[right]:
            return False
        left += 1
        right -= 1
    return True
# TODO: optimize this code","def is_palindrome(s):
    s = s.lower()
    left, right = 0, len(s) - 1
    while left < right:
        if s[left] != s[right]:
            return False
        left += 1
        right -= 1
    return True",style_issue,python,Palindrome Check
"def is_palindrome(s):
    s = s.lower()
    left, right = 0, len(s) - 1
    while left < right:
        if s[left] != s[right]:
            return False
        left += 1
        right -= 1
    return True
# TODO: optimize this code","def is_palindrome(s):
    s = s.lower()
    left, right = 0, len(s) - 1
    while left < right:
        if s[left] != s[right]:
            return False
        left += 1
        right -= 1
    return True",style_issue,python,Palindrome Check
"def is_palindrome(s):
    s = s.lower()
    left, right = 0, len(s) - 1
    while left < right:
        if s[left] != s[right]:
            return False
        left += 1
        right -= 1
    return True
# TODO: optimize this code","def is_palindrome(s):
    s = s.lower()
    left, right = 0, len(s) - 1
    while left < right:
        if s[left] != s[right]:
            return False
        left += 1
        right -= 1
    return True",style_issue,python,Palindrome Check
"def is_palindrome(s):
    s = s.lower()
    left, right = 0, len(s) - 1
    while left < right:
        if s[left] != s[right]:
            return False
        left += 1
        right -= 1
    return True
# TODO: optimize this code","def is_palindrome(s):
    s = s.lower()
    left, right = 0, len(s) - 1
    while left < right:
        if s[left] != s[right]:
            return False
        left += 1
        right -= 1
    return True",style_issue,python,Palindrome Check
"def is_palindrome(s):
    s = s.lower()
    left, right = 0, len(s) - 1
    while left < right:
        if s[left] != s[right]:
            return False
        left += 1
        right -= 1
    return True
# TODO: optimize this code","def is_palindrome(s):
    s = s.lower()
    left, right = 0, len(s) - 1
    while left < right:
        if s[left] != s[right]:
            return False
        left += 1
        right -= 1
    return True",style_issue,python,Palindrome Check
"def is_palindrome(s):
    s = s.lower()
    left, right = 0, len(s) - 1
    while left < right:
        if s[left] != s[right]:
            return False
        left += 1
        right -= 1
    return True
# TODO: optimize this code","def is_palindrome(s):
    s = s.lower()
    left, right = 0, len(s) - 1
    while left < right:
        if s[left] != s[right]:
            return False
        left += 1
        right -= 1
    return True",style_issue,python,Palindrome Check
"def is_palindrome(s):
    s = s.lower()
    left, right = 0, len(s) - 1
    while left < right:
        if s[left] != s[right]:
            return False
        left += 1
        right -= 1
    return True
# TODO: optimize this code","def is_palindrome(s):
    s = s.lower()
    left, right = 0, len(s) - 1
    while left < right:
        if s[left] != s[right]:
            return False
        left += 1
        right -= 1
    return True",style_issue,python,Palindrome Check
"def is_palindrome(s):
    s = s.lower()
    left, right = 0, len(s) - 1
    while left < right:
        if s[left] != s[right]:
            return False
        left += 1
        right -= 1
    return True
# TODO: optimize this code","def is_palindrome(s):
    s = s.lower()
    left, right = 0, len(s) - 1
    while left < right:
        if s[left] != s[right]:
            return False
        left += 1
        right -= 1
    return True",style_issue,python,Palindrome Check
"def is_palindrome(s):
    s = s.lower()
    left, right = 0, len(s) - 1
    while left < right:
        if s[left] != s[right]:
            return False
        left += 1
        right -= 1
    return True
# TODO: optimize this code","def is_palindrome(s):
    s = s.lower()
    left, right = 0, len(s) - 1
    while left < right:
        if s[left] != s[right]:
            return False
        left += 1
        right -= 1
    return True",style_issue,python,Palindrome Check
"def is_palindrome(s):
    s = s.lower()
    left, right = 0, len(s) - 1
    while left < right:
        if s[left] != s[right]:
            return False
        left += 1
        right -= 1
    return True
# TODO: optimize this code","def is_palindrome(s):
    s = s.lower()
    left, right = 0, len(s) - 1
    while left < right:
        if s[left] != s[right]:
            return False
        left += 1
        right -= 1
    return True",style_issue,python,Palindrome Check
"def is_palindrome(s):
    s = s.lower()
    left, right = 0, len(s) - 1
    while left < right:
        if s[left] != s[right]:
            return False
        left += 1
        right -= 1
    return True
# TODO: optimize this code","def is_palindrome(s):
    s = s.lower()
    left, right = 0, len(s) - 1
    while left < right:
        if s[left] != s[right]:
            return False
        left += 1
        right -= 1
    return True",style_issue,python,Palindrome Check
"def is_palindrome(s):
    s = s.lower()
    left, right = 0, len(s) - 1
    while left < right:
        if s[left] != s[right]:
            return False
        left += 1
        right -= 1
    return True
# TODO: optimize this code","def is_palindrome(s):
    s = s.lower()
    left, right = 0, len(s) - 1
    while left < right:
        if s[left] != s[right]:
            return False
        left += 1
        right -= 1
    return True",style_issue,python,Palindrome Check
"def is_palindrome(s):
    s = s.lower()
    left, right = 0, len(s) - 1
    while left < right:
        if s[left] != s[right]:
            return False
        left += 1
        right -= 1
    return True
# TODO: optimize this code","def is_palindrome(s):
    s = s.lower()
    left, right = 0, len(s) - 1
    while left < right:
        if s[left] != s[right]:
            return False
        left += 1
        right -= 1
    return True",style_issue,python,Palindrome Check
"def is_palindrome(s):
    s = s.lower()
    left, right = 0, len(s) - 1
    while left < right:
        if s[left] != s[right]:
            return False
        left += 1
        right -= 1
    return True
# TODO: optimize this code","def is_palindrome(s):
    s = s.lower()
    left, right = 0, len(s) - 1
    while left < right:
        if s[left] != s[right]:
            return False
        left += 1
        right -= 1
    return True",style_issue,python,Palindrome Check
"def is_palindrome(s):
    s = s.lower()
    left, right = 0, len(s) - 1
    while left < right:
        if s[left] != s[right]:
            return False
        left += 1
        right -= 1
    return True
# TODO: optimize this code","def is_palindrome(s):
    s = s.lower()
    left, right = 0, len(s) - 1
    while left < right:
        if s[left] != s[right]:
            return False
        left += 1
        right -= 1
    return True",style_issue,python,Palindrome Check
"def is_palindrome(s):
    s = s.lower()
    left, right = 0, len(s) - 1
    while left < right:
        if s[left] != s[right]:
            return False
        left += 1
        right -= 1
    return True
# TODO: optimize this code","def is_palindrome(s):
    s = s.lower()
    left, right = 0, len(s) - 1
    while left < right:
        if s[left] != s[right]:
            return False
        left += 1
        right -= 1
    return True",style_issue,python,Palindrome Check
"def is_palindrome(s):
    s = s.lower()
    left, right = 0, len(s) - 1
    while left < right:
        if s[left] != s[right]:
            return False
        left += 1
        right -= 1
    return True
# TODO: optimize this code","def is_palindrome(s):
    s = s.lower()
    left, right = 0, len(s) - 1
    while left < right:
        if s[left] != s[right]:
            return False
        left += 1
        right -= 1
    return True",style_issue,python,Palindrome Check
"def is_palindrome(s):
    s = s.lower()
    left, right = 0, len(s) - 1
    while left < right:
        if s[left] != s[right]:
            return False
        left += 1
        right -= 1
    return True
# TODO: optimize this code","def is_palindrome(s):
    s = s.lower()
    left, right = 0, len(s) - 1
    while left < right:
        if s[left] != s[right]:
            return False
        left += 1
        right -= 1
    return True",style_issue,python,Palindrome Check
"def is_palindrome(s):
    s = s.lower()
    left, right = 0, len(s) - 1
    while left < right:
        if s[left] != s[right]:
            return False
        left += 1
        right -= 1
    return True
# TODO: optimize this code","def is_palindrome(s):
    s = s.lower()
    left, right = 0, len(s) - 1
    while left < right:
        if s[left] != s[right]:
            return False
        left += 1
        right -= 1
    return True",style_issue,python,Palindrome Check
"def factorial(n):
    if n <= 1:
        return 1
    return n * factorial(n - 1)
","def factorial(n):
    if n <= 1:
        return 1
    return n * factorial(n - 1)",correct,python,Factorial
"def factorial(n):
    if n <= 1:
        return 1
    return n * factorial(n - 1)","def factorial(n):
    if n <= 1:
        return 1
    return n * factorial(n - 1)",correct,python,Factorial
"def factorial(n):
    if n <= 1:
        return 1
    return n * factorial(n - 1)
","def factorial(n):
    if n <= 1:
        return 1
    return n * factorial(n - 1)",correct,python,Factorial
"def factorial(n):
  if n <= 1:
    return 1
  return n * factorial(n - 1)","def factorial(n):
    if n <= 1:
        return 1
    return n * factorial(n - 1)",correct,python,Factorial
"def factorial(n):
  if n <= 1:
    return 1
  return n * factorial(n - 1)","def factorial(n):
    if n <= 1:
        return 1
    return n * factorial(n - 1)",correct,python,Factorial
"def factorial(n):
    if n <= 1:
        return 1
    return n * factorial(n - 1)
","def factorial(n):
    if n <= 1:
        return 1
    return n * factorial(n - 1)",correct,python,Factorial
"def factorial(n):
  if n <= 1:
    return 1
  return n * factorial(n - 1)","def factorial(n):
    if n <= 1:
        return 1
    return n * factorial(n - 1)",correct,python,Factorial
"def factorial(n):
    if n <= 1:
        return 1
    return n * factorial(n - 1)","def factorial(n):
    if n <= 1:
        return 1
    return n * factorial(n - 1)",correct,python,Factorial
"def factorial(n):
    if n <= 1:
        return 1
    return n * factorial(n - 1)
","def factorial(n):
    if n <= 1:
        return 1
    return n * factorial(n - 1)",correct,python,Factorial
"def factorial(n):
    if n <= 1:
        return 1
    return n * factorial(n - 1)
","def factorial(n):
    if n <= 1:
        return 1
    return n * factorial(n - 1)",correct,python,Factorial
"def factorial(n):
  if n <= 1:
    return 1
  return n * factorial(n - 1)","def factorial(n):
    if n <= 1:
        return 1
    return n * factorial(n - 1)",correct,python,Factorial
"def factorial(n):
    if n <= 1:
        return 1
    return n * factorial(n - 1)
","def factorial(n):
    if n <= 1:
        return 1
    return n * factorial(n - 1)",correct,python,Factorial
"def factorial(n):
  if n <= 1:
    return 1
  return n * factorial(n - 1)","def factorial(n):
    if n <= 1:
        return 1
    return n * factorial(n - 1)",correct,python,Factorial
"def factorial(n):
    if n <= 1:
        return 1
    return n * factorial(n - 1)","def factorial(n):
    if n <= 1:
        return 1
    return n * factorial(n - 1)",correct,python,Factorial
"def factorial(n):
  if n <= 1:
    return 1
  return n * factorial(n - 1)","def factorial(n):
    if n <= 1:
        return 1
    return n * factorial(n - 1)",correct,python,Factorial
"def factorial(n):
    if n <= 1:
        return 1
    return n * factorial(n - 1)
","def factorial(n):
    if n <= 1:
        return 1
    return n * factorial(n - 1)",correct,python,Factorial
"def factorial(n):
    if n <= 1:
        return 1
    return n * factorial(n - 1)
","def factorial(n):
    if n <= 1:
        return 1
    return n * factorial(n - 1)",correct,python,Factorial
"def factorial(n):
  if n <= 1:
    return 1
  return n * factorial(n - 1)","def factorial(n):
    if n <= 1:
        return 1
    return n * factorial(n - 1)",correct,python,Factorial
"def factorial(n):
  if n <= 1:
    return 1
  return n * factorial(n - 1)","def factorial(n):
    if n <= 1:
        return 1
    return n * factorial(n - 1)",correct,python,Factorial
"def factorial(n):
  if n <= 1:
    return 1
  return n * factorial(n - 1)","def factorial(n):
    if n <= 1:
        return 1
    return n * factorial(n - 1)",correct,python,Factorial
"def factorial(n):
    if n <= 1:
        return 1
    return n * factorial(n - 1)","def factorial(n):
    if n <= 1:
        return 1
    return n * factorial(n - 1)",correct,python,Factorial
"def factorial(n):
    if n <= 1:
        return 1
    return n * factorial(n - 1)
","def factorial(n):
    if n <= 1:
        return 1
    return n * factorial(n - 1)",correct,python,Factorial
"def factorial(n):
    if n <= 1:
        return 1
    return n * factorial(n - 1)","def factorial(n):
    if n <= 1:
        return 1
    return n * factorial(n - 1)",correct,python,Factorial
"def factorial(n):
    if n <= 1:
        return 1
    return n * factorial(n - 1)","def factorial(n):
    if n <= 1:
        return 1
    return n * factorial(n - 1)",correct,python,Factorial
"def factorial(n):
  if n <= 1:
    return 1
  return n * factorial(n - 1)","def factorial(n):
    if n <= 1:
        return 1
    return n * factorial(n - 1)",correct,python,Factorial
"def factorial(n):
    if n <= 1:
        return 1
    return n * factorial(n - 1)","def factorial(n):
    if n <= 1:
        return 1
    return n * factorial(n - 1)",correct,python,Factorial
"def factorial(n):
    if n <= 1:
        return 1
    return n * factorial(n - 1)
","def factorial(n):
    if n <= 1:
        return 1
    return n * factorial(n - 1)",correct,python,Factorial
"def factorial(n):
    if n <= 1:
        return 1
    return n * factorial(n - 1)
","def factorial(n):
    if n <= 1:
        return 1
    return n * factorial(n - 1)",correct,python,Factorial
"Def factorialn):
    if n <= 1:
        return 1
    return n * factorial(n - 1)","def factorial(n):
    if n <= 1:
        return 1
    return n * factorial(n - 1)",syntax_error,python,Factorial
"def factorial(n:
    if n <= 1:
        return 1
    return n * factorial(n - 1)","def factorial(n):
    if n <= 1:
        return 1
    return n * factorial(n - 1)",syntax_error,python,Factorial
"def factorial(n):
    if n <= 1:
        Return 1
    return n * factorial(n - 1)","def factorial(n):
    if n <= 1:
        return 1
    return n * factorial(n - 1)",syntax_error,python,Factorial
"def factorial(n)
    if n <= 1:
        return 1
    return n * factorial(n - 1)","def factorial(n):
    if n <= 1:
        return 1
    return n * factorial(n - 1)",syntax_error,python,Factorial
"def factorial(n:
    if n <= 1:
        return 1
    return n * factorial(n - 1)","def factorial(n):
    if n <= 1:
        return 1
    return n * factorial(n - 1)",syntax_error,python,Factorial
"Def factorialn);
    if n <= 1:
        return 1
    return n * factorial(n - 1)","def factorial(n):
    if n <= 1:
        return 1
    return n * factorial(n - 1)",syntax_error,python,Factorial
"def factorialn):
    if n <= 1:
        Return 1
    return n * factorial(n - 1)","def factorial(n):
    if n <= 1:
        return 1
    return n * factorial(n - 1)",syntax_error,python,Factorial
"def factorial(n):
    If n <= 1:
        return 1
    return n * factorial(n - 1)","def factorial(n):
    if n <= 1:
        return 1
    return n * factorial(n - 1)",syntax_error,python,Factorial
"def factorial(n);
    if n <= 1:
        Return 1
    return n * factorial(n - 1)","def factorial(n):
    if n <= 1:
        return 1
    return n * factorial(n - 1)",syntax_error,python,Factorial
"Def factorial(n)
    if n <= 1:
        return 1
    return n * factorial(n - 1)","def factorial(n):
    if n <= 1:
        return 1
    return n * factorial(n - 1)",syntax_error,python,Factorial
"def factorial(n);
    If n <= 1:
        return 1
    return n * factorial(n - 1)","def factorial(n):
    if n <= 1:
        return 1
    return n * factorial(n - 1)",syntax_error,python,Factorial
"def factorial(n);
    If n <= 1:
        return 1
    return n * factorial(n - 1)","def factorial(n):
    if n <= 1:
        return 1
    return n * factorial(n - 1)",syntax_error,python,Factorial
"def$ factorial(n);
    if n <= 1:
        return 1
    return n * factorial(n - 1)","def factorial(n):
    if n <= 1:
        return 1
    return n * factorial(n - 1)",syntax_error,python,Factorial
"Def factorial(n):
    If n <= 1:
        return 1
    return n * factorial(n - 1)","def factorial(n):
    if n <= 1:
        return 1
    return n * factorial(n - 1)",syntax_error,python,Factorial
"def$ factorial(n:
    if n <= 1:
        return 1
    return n * factorial(n - 1)","def factorial(n):
    if n <= 1:
        return 1
    return n * factorial(n - 1)",syntax_error,python,Factorial
"def factorial(n:
    if n <= 1:
        return 1
    return n * factorial(n - 1)","def factorial(n):
    if n <= 1:
        return 1
    return n * factorial(n - 1)",syntax_error,python,Factorial
"def$ factorial(n):
    if n <= 1:
        return 1
    return n * factorial(n - 1)","def factorial(n):
    if n <= 1:
        return 1
    return n * factorial(n - 1)",syntax_error,python,Factorial
"Def factorial(n):
    if n <= 1:
        Return 1
    return n * factorial(n - 1)","def factorial(n):
    if n <= 1:
        return 1
    return n * factorial(n - 1)",syntax_error,python,Factorial
"def$ factorial(n):
    if n <= 1:
        return 1
    return n * factorial(n - 1)","def factorial(n):
    if n <= 1:
        return 1
    return n * factorial(n - 1)",syntax_error,python,Factorial
"def factorial(n):
    If n <= 1:
        Return 1
    return n * factorial(n - 1)","def factorial(n):
    if n <= 1:
        return 1
    return n * factorial(n - 1)",syntax_error,python,Factorial
"def factorial(n);
    if n <= 1:
        return 1
    return n * factorial(n - 1)","def factorial(n):
    if n <= 1:
        return 1
    return n * factorial(n - 1)",syntax_error,python,Factorial
"def factorial(n);
    if n <= 1:
        return 1
    return n * factorial(n - 1)","def factorial(n):
    if n <= 1:
        return 1
    return n * factorial(n - 1)",syntax_error,python,Factorial
"def factorialn):
    if n <= 1:
        return 1
    return n * factorial(n - 1)","def factorial(n):
    if n <= 1:
        return 1
    return n * factorial(n - 1)",syntax_error,python,Factorial
"def factorialn):
    if n <= 1:
        Return 1
    return n * factorial(n - 1)","def factorial(n):
    if n <= 1:
        return 1
    return n * factorial(n - 1)",syntax_error,python,Factorial
"Def factorial(n):
    if n <= 1:
        return 1
    return n * factorial(n - 1)","def factorial(n):
    if n <= 1:
        return 1
    return n * factorial(n - 1)",syntax_error,python,Factorial
"def factorial(n)
    if n <= 1:
        Return 1
    return n * factorial(n - 1)","def factorial(n):
    if n <= 1:
        return 1
    return n * factorial(n - 1)",syntax_error,python,Factorial
"def$ factorial(n);
    if n <= 1:
        return 1
    return n * factorial(n - 1)","def factorial(n):
    if n <= 1:
        return 1
    return n * factorial(n - 1)",syntax_error,python,Factorial
"def factorial(n):
    if n <== 1:
        return 1
    return n + factorial(n - 1)","def factorial(n):
    if n <= 1:
        return 1
    return n * factorial(n - 1)",logic_error,python,Factorial
"def factorial(n):
    if n == 1:
        return 1
    return n * factorial(n - 1)","def factorial(n):
    if n <= 1:
        return 1
    return n * factorial(n - 1)",logic_error,python,Factorial
"def factorial(n):
    if n == 1:
        return 1
    return n * factorial(n - 1)","def factorial(n):
    if n <= 1:
        return 1
    return n * factorial(n - 1)",logic_error,python,Factorial
"def factorial(n):
    if n < 1:
        return 1
    return n * factorial(n - 1)","def factorial(n):
    if n <= 1:
        return 1
    return n * factorial(n - 1)",logic_error,python,Factorial
"def factorial(n):
    if n == 1:
        return 1
    return n * factorial(n - 1)","def factorial(n):
    if n <= 1:
        return 1
    return n * factorial(n - 1)",logic_error,python,Factorial
"def factorial(n):
    if n <= 1:
        return 0
    return n * factorial(n - 1)","def factorial(n):
    if n <= 1:
        return 1
    return n * factorial(n - 1)",logic_error,python,Factorial
"def factorial(n):
    if n <= 1:
        return 1
    return n + factorial(n - 1)","def factorial(n):
    if n <= 1:
        return 1
    return n * factorial(n - 1)",logic_error,python,Factorial
"def factorial(n):
    if n <= 1:
        return 1
    return n + factorial(n - 1)","def factorial(n):
    if n <= 1:
        return 1
    return n * factorial(n - 1)",logic_error,python,Factorial
"def factorial(n):
    if n < 1:
        return 1
    return n * factorial(n - 1)","def factorial(n):
    if n <= 1:
        return 1
    return n * factorial(n - 1)",logic_error,python,Factorial
"def factorial(n):
    if n < 1:
        return 1
    return n * factorial(n - 1)","def factorial(n):
    if n <= 1:
        return 1
    return n * factorial(n - 1)",logic_error,python,Factorial
"def factorial(n):
    if n <= 1:
        return 1
    return n * factorial(n - 1)
# TODO: optimize this code","def factorial(n):
    if n <= 1:
        return 1
    return n * factorial(n - 1)",style_issue,python,Factorial
"def factorial(n):
    if n <= 1:
        return 1
    return n * factorial(n - 1)
# TODO: optimize this code","def factorial(n):
    if n <= 1:
        return 1
    return n * factorial(n - 1)",style_issue,python,Factorial
"def factorial(n):
    if n <= 1:
        return 1
    return n * factorial(n - 1)
# TODO: optimize this code","def factorial(n):
    if n <= 1:
        return 1
    return n * factorial(n - 1)",style_issue,python,Factorial
"def factorial(n):
    if n <= 1:
        return 1
    return n * factorial(n - 1)
# TODO: optimize this code","def factorial(n):
    if n <= 1:
        return 1
    return n * factorial(n - 1)",style_issue,python,Factorial
"def factorial(n):
    if n <= 1:
        return 1
    return n * factorial(n - 1)
# TODO: optimize this code","def factorial(n):
    if n <= 1:
        return 1
    return n * factorial(n - 1)",style_issue,python,Factorial
"def factorial(n):
    if n <= 1:
        return 1
    return n * factorial(n - 1)
# TODO: optimize this code","def factorial(n):
    if n <= 1:
        return 1
    return n * factorial(n - 1)",style_issue,python,Factorial
"def factorial(n):
    if n <= 1:
        return 1
    return n * factorial(n - 1)
# TODO: optimize this code","def factorial(n):
    if n <= 1:
        return 1
    return n * factorial(n - 1)",style_issue,python,Factorial
"def factorial(n):
    if n <= 1:
        return 1
    return n * factorial(n - 1)
# TODO: optimize this code","def factorial(n):
    if n <= 1:
        return 1
    return n * factorial(n - 1)",style_issue,python,Factorial
"def factorial(n):
    if n <= 1:
        return 1
    return n * factorial(n - 1)
# TODO: optimize this code","def factorial(n):
    if n <= 1:
        return 1
    return n * factorial(n - 1)",style_issue,python,Factorial
"def factorial(n):
    if n <= 1:
        return 1
    return n * factorial(n - 1)
# TODO: optimize this code","def factorial(n):
    if n <= 1:
        return 1
    return n * factorial(n - 1)",style_issue,python,Factorial
"def factorial(n):
    if n <= 1:
        return 1
    return n * factorial(n - 1)
# TODO: optimize this code","def factorial(n):
    if n <= 1:
        return 1
    return n * factorial(n - 1)",style_issue,python,Factorial
"def factorial(n):
    if n <= 1:
        return 1
    return n * factorial(n - 1)
# TODO: optimize this code","def factorial(n):
    if n <= 1:
        return 1
    return n * factorial(n - 1)",style_issue,python,Factorial
"def factorial(n):
    if n <= 1:
        return 1
    return n * factorial(n - 1)
# TODO: optimize this code","def factorial(n):
    if n <= 1:
        return 1
    return n * factorial(n - 1)",style_issue,python,Factorial
"def factorial(n):
    if n <= 1:
        return 1
    return n * factorial(n - 1)
# TODO: optimize this code","def factorial(n):
    if n <= 1:
        return 1
    return n * factorial(n - 1)",style_issue,python,Factorial
"def factorial(n):
    if n <= 1:
        return 1
    return n * factorial(n - 1)
# TODO: optimize this code","def factorial(n):
    if n <= 1:
        return 1
    return n * factorial(n - 1)",style_issue,python,Factorial
"def factorial(n):
    if n <= 1:
        return 1
    return n * factorial(n - 1)
# TODO: optimize this code","def factorial(n):
    if n <= 1:
        return 1
    return n * factorial(n - 1)",style_issue,python,Factorial
"def factorial(n):
    if n <= 1:
        return 1
    return n * factorial(n - 1)
# TODO: optimize this code","def factorial(n):
    if n <= 1:
        return 1
    return n * factorial(n - 1)",style_issue,python,Factorial
"def factorial(n):
    if n <= 1:
        return 1
    return n * factorial(n - 1)
# TODO: optimize this code","def factorial(n):
    if n <= 1:
        return 1
    return n * factorial(n - 1)",style_issue,python,Factorial
"def factorial(n):
    if n <= 1:
        return 1
    return n * factorial(n - 1)
# TODO: optimize this code","def factorial(n):
    if n <= 1:
        return 1
    return n * factorial(n - 1)",style_issue,python,Factorial
"def factorial(n):
    if n <= 1:
        return 1
    return n * factorial(n - 1)
# TODO: optimize this code","def factorial(n):
    if n <= 1:
        return 1
    return n * factorial(n - 1)",style_issue,python,Factorial
"def factorial(n):
    if n <= 1:
        return 1
    return n * factorial(n - 1)
# TODO: optimize this code","def factorial(n):
    if n <= 1:
        return 1
    return n * factorial(n - 1)",style_issue,python,Factorial
"def factorial(n):
    if n <= 1:
        return 1
    return n * factorial(n - 1)
# TODO: optimize this code","def factorial(n):
    if n <= 1:
        return 1
    return n * factorial(n - 1)",style_issue,python,Factorial
"def factorial(n):
    if n <= 1:
        return 1
    return n * factorial(n - 1)
# TODO: optimize this code","def factorial(n):
    if n <= 1:
        return 1
    return n * factorial(n - 1)",style_issue,python,Factorial
"def factorial(n):
    if n <= 1:
        return 1
    return n * factorial(n - 1)
# TODO: optimize this code","def factorial(n):
    if n <= 1:
        return 1
    return n * factorial(n - 1)",style_issue,python,Factorial
"def factorial(n):
    if n <= 1:
        return 1
    return n * factorial(n - 1)
# TODO: optimize this code","def factorial(n):
    if n <= 1:
        return 1
    return n * factorial(n - 1)",style_issue,python,Factorial
"def factorial(n):
    if n <= 1:
        return 1
    return n * factorial(n - 1)
# TODO: optimize this code","def factorial(n):
    if n <= 1:
        return 1
    return n * factorial(n - 1)",style_issue,python,Factorial
"def factorial(n):
    if n <= 1:
        return 1
    return n * factorial(n - 1)
# TODO: optimize this code","def factorial(n):
    if n <= 1:
        return 1
    return n * factorial(n - 1)",style_issue,python,Factorial
"def factorial(n):
    if n <= 1:
        return 1
    return n * factorial(n - 1)
# TODO: optimize this code","def factorial(n):
    if n <= 1:
        return 1
    return n * factorial(n - 1)",style_issue,python,Factorial
"def reverse_string(s):
    return s[::-1]
","def reverse_string(s):
    return s[::-1]",correct,python,Reverse String
"def reverse_string(s):
    return s[::-1]","def reverse_string(s):
    return s[::-1]",correct,python,Reverse String
"def reverse_string(s):
    return s[::-1]","def reverse_string(s):
    return s[::-1]",correct,python,Reverse String
"def reverse_string(s):
    return s[::-1]","def reverse_string(s):
    return s[::-1]",correct,python,Reverse String
"def reverse_string(s):
    return s[::-1]","def reverse_string(s):
    return s[::-1]",correct,python,Reverse String
"def reverse_string(s):
    return s[::-1]","def reverse_string(s):
    return s[::-1]",correct,python,Reverse String
"def reverse_string(s):
    return s[::-1]
","def reverse_string(s):
    return s[::-1]",correct,python,Reverse String
"def reverse_string(s):
    return s[::-1]","def reverse_string(s):
    return s[::-1]",correct,python,Reverse String
"def reverse_string(s):
  return s[::-1]","def reverse_string(s):
    return s[::-1]",correct,python,Reverse String
"def reverse_string(s):
    return s[::-1]
","def reverse_string(s):
    return s[::-1]",correct,python,Reverse String
"def reverse_string(s):
    return s[::-1]
","def reverse_string(s):
    return s[::-1]",correct,python,Reverse String
"def reverse_string(s):
    return s[::-1]
","def reverse_string(s):
    return s[::-1]",correct,python,Reverse String
"def reverse_string(s):
    return s[::-1]
","def reverse_string(s):
    return s[::-1]",correct,python,Reverse String
"def reverse_string(s):
  return s[::-1]","def reverse_string(s):
    return s[::-1]",correct,python,Reverse String
"def reverse_string(s):
    return s[::-1]
","def reverse_string(s):
    return s[::-1]",correct,python,Reverse String
"def reverse_string(s):
    return s[::-1]","def reverse_string(s):
    return s[::-1]",correct,python,Reverse String
"def reverse_string(s):
  return s[::-1]","def reverse_string(s):
    return s[::-1]",correct,python,Reverse String
"def reverse_string(s):
    return s[::-1]
","def reverse_string(s):
    return s[::-1]",correct,python,Reverse String
"def reverse_string(s):
    return s[::-1]
","def reverse_string(s):
    return s[::-1]",correct,python,Reverse String
"def reverse_string(s):
    return s[::-1]
","def reverse_string(s):
    return s[::-1]",correct,python,Reverse String
"def reverse_string(s):
  return s[::-1]","def reverse_string(s):
    return s[::-1]",correct,python,Reverse String
"def reverse_string(s):
    return s[::-1]
","def reverse_string(s):
    return s[::-1]",correct,python,Reverse String
"def reverse_string(s):
    return s[::-1]
","def reverse_string(s):
    return s[::-1]",correct,python,Reverse String
"def reverse_string(s):
  return s[::-1]","def reverse_string(s):
    return s[::-1]",correct,python,Reverse String
"def reverse_string(s):
    return s[::-1]
","def reverse_string(s):
    return s[::-1]",correct,python,Reverse String
"def reverse_string(s):
    return s[::-1]","def reverse_string(s):
    return s[::-1]",correct,python,Reverse String
"def reverse_string(s):
  return s[::-1]","def reverse_string(s):
    return s[::-1]",correct,python,Reverse String
"def reverse_string(s):
    return s[::-1]","def reverse_string(s):
    return s[::-1]",correct,python,Reverse String
"def$ reverse_string(s):
    Return s[::-1]","def reverse_string(s):
    return s[::-1]",syntax_error,python,Reverse String
"def$ reverse_string(s):
    return s[::-1]","def reverse_string(s):
    return s[::-1]",syntax_error,python,Reverse String
"def reverse_string(s):
    Return s[::-1]","def reverse_string(s):
    return s[::-1]",syntax_error,python,Reverse String
"Def reverse_string(s);
    return s[::-1]","def reverse_string(s):
    return s[::-1]",syntax_error,python,Reverse String
"def reverse_string(s):
    Return s[::-1]","def reverse_string(s):
    return s[::-1]",syntax_error,python,Reverse String
"def reverse_string(s:
    return s[::-1]","def reverse_string(s):
    return s[::-1]",syntax_error,python,Reverse String
"def reverse_string(s);
    return s[::-1]","def reverse_string(s):
    return s[::-1]",syntax_error,python,Reverse String
"def reverse_string(s:
    return s[::-1]","def reverse_string(s):
    return s[::-1]",syntax_error,python,Reverse String
"def reverse_strings):
    return s[::-1]","def reverse_string(s):
    return s[::-1]",syntax_error,python,Reverse String
"def$ reverse_string(s):
    return s[::-1]","def reverse_string(s):
    return s[::-1]",syntax_error,python,Reverse String
"def reverse_string(s);
    return s[::-1]","def reverse_string(s):
    return s[::-1]",syntax_error,python,Reverse String
"def reverse_string(s)
    Return s[::-1]","def reverse_string(s):
    return s[::-1]",syntax_error,python,Reverse String
"def reverse_string(s);
    return s[::-1]","def reverse_string(s):
    return s[::-1]",syntax_error,python,Reverse String
"def reverse_string(s:
    return s[::-1]","def reverse_string(s):
    return s[::-1]",syntax_error,python,Reverse String
"Def reverse_string(s);
    return s[::-1]","def reverse_string(s):
    return s[::-1]",syntax_error,python,Reverse String
"def reverse_string(s:
    return s[::-1]","def reverse_string(s):
    return s[::-1]",syntax_error,python,Reverse String
"Def reverse_string(s):
    return s[::-1]","def reverse_string(s):
    return s[::-1]",syntax_error,python,Reverse String
"def reverse_string(s:
    return s[::-1]","def reverse_string(s):
    return s[::-1]",syntax_error,python,Reverse String
"def reverse_strings;
    return s[::-1]","def reverse_string(s):
    return s[::-1]",syntax_error,python,Reverse String
"def reverse_string(s)
    Return s[::-1]","def reverse_string(s):
    return s[::-1]",syntax_error,python,Reverse String
"def$ reverse_string(s;
    return s[::-1]","def reverse_string(s):
    return s[::-1]",syntax_error,python,Reverse String
"Def reverse_string(s):
    return s[::-1]","def reverse_string(s):
    return s[::-1]",syntax_error,python,Reverse String
"def reverse_string(s):
    result = []
for i in range(len(s)-1, -1, -1):
    result.append(s[i])
return ''.join(result)","def reverse_string(s):
    return s[::-1]",style_issue,python,Reverse String
"def reverse_string(s):
    result = []
for i in range(len(s)-1, -1, -1):
    result.append(s[i])
return ''.join(result)","def reverse_string(s):
    return s[::-1]",style_issue,python,Reverse String
"def reverse_string(s):
    result = []
for i in range(len(s)-1, -1, -1):
    result.append(s[i])
return ''.join(result)","def reverse_string(s):
    return s[::-1]",style_issue,python,Reverse String
"def reverse_string(s):
    result = []
for i in range(len(s)-1, -1, -1):
    result.append(s[i])
return ''.join(result)","def reverse_string(s):
    return s[::-1]",style_issue,python,Reverse String
"def reverse_string(s):
    result = []
for i in range(len(s)-1, -1, -1):
    result.append(s[i])
return ''.join(result)","def reverse_string(s):
    return s[::-1]",style_issue,python,Reverse String
"def reverse_string(s):
    result = []
for i in range(len(s)-1, -1, -1):
    result.append(s[i])
return ''.join(result)","def reverse_string(s):
    return s[::-1]",style_issue,python,Reverse String
"def reverse_string(s):
    result = []
for i in range(len(s)-1, -1, -1):
    result.append(s[i])
return ''.join(result)","def reverse_string(s):
    return s[::-1]",style_issue,python,Reverse String
"def reverse_string(s):
    result = []
for i in range(len(s)-1, -1, -1):
    result.append(s[i])
return ''.join(result)","def reverse_string(s):
    return s[::-1]",style_issue,python,Reverse String
"def reverse_string(s):
    result = []
for i in range(len(s)-1, -1, -1):
    result.append(s[i])
return ''.join(result)","def reverse_string(s):
    return s[::-1]",style_issue,python,Reverse String
"def reverse_string(s):
    result = []
for i in range(len(s)-1, -1, -1):
    result.append(s[i])
return ''.join(result)","def reverse_string(s):
    return s[::-1]",style_issue,python,Reverse String
"def reverse_string(s):
    result = []
for i in range(len(s)-1, -1, -1):
    result.append(s[i])
return ''.join(result)","def reverse_string(s):
    return s[::-1]",style_issue,python,Reverse String
"def reverse_string(s):
    result = []
for i in range(len(s)-1, -1, -1):
    result.append(s[i])
return ''.join(result)","def reverse_string(s):
    return s[::-1]",style_issue,python,Reverse String
"def reverse_string(s):
    result = []
for i in range(len(s)-1, -1, -1):
    result.append(s[i])
return ''.join(result)","def reverse_string(s):
    return s[::-1]",style_issue,python,Reverse String
"def reverse_string(s):
    result = []
for i in range(len(s)-1, -1, -1):
    result.append(s[i])
return ''.join(result)","def reverse_string(s):
    return s[::-1]",style_issue,python,Reverse String
"def reverse_string(s):
    result = []
for i in range(len(s)-1, -1, -1):
    result.append(s[i])
return ''.join(result)","def reverse_string(s):
    return s[::-1]",style_issue,python,Reverse String
"def reverse_string(s):
    result = []
for i in range(len(s)-1, -1, -1):
    result.append(s[i])
return ''.join(result)","def reverse_string(s):
    return s[::-1]",style_issue,python,Reverse String
"def reverse_string(s):
    result = []
for i in range(len(s)-1, -1, -1):
    result.append(s[i])
return ''.join(result)","def reverse_string(s):
    return s[::-1]",style_issue,python,Reverse String
"def reverse_string(s):
    result = []
for i in range(len(s)-1, -1, -1):
    result.append(s[i])
return ''.join(result)","def reverse_string(s):
    return s[::-1]",style_issue,python,Reverse String
"def reverse_string(s):
    result = []
for i in range(len(s)-1, -1, -1):
    result.append(s[i])
return ''.join(result)","def reverse_string(s):
    return s[::-1]",style_issue,python,Reverse String
"def reverse_string(s):
    result = []
for i in range(len(s)-1, -1, -1):
    result.append(s[i])
return ''.join(result)","def reverse_string(s):
    return s[::-1]",style_issue,python,Reverse String
"def reverse_string(s):
    result = []
for i in range(len(s)-1, -1, -1):
    result.append(s[i])
return ''.join(result)","def reverse_string(s):
    return s[::-1]",style_issue,python,Reverse String
"def reverse_string(s):
    result = []
for i in range(len(s)-1, -1, -1):
    result.append(s[i])
return ''.join(result)","def reverse_string(s):
    return s[::-1]",style_issue,python,Reverse String
"def reverse_string(s):
    result = []
for i in range(len(s)-1, -1, -1):
    result.append(s[i])
return ''.join(result)","def reverse_string(s):
    return s[::-1]",style_issue,python,Reverse String
"def reverse_string(s):
    result = []
for i in range(len(s)-1, -1, -1):
    result.append(s[i])
return ''.join(result)","def reverse_string(s):
    return s[::-1]",style_issue,python,Reverse String
"def reverse_string(s):
    result = []
for i in range(len(s)-1, -1, -1):
    result.append(s[i])
return ''.join(result)","def reverse_string(s):
    return s[::-1]",style_issue,python,Reverse String
"def reverse_string(s):
    result = []
for i in range(len(s)-1, -1, -1):
    result.append(s[i])
return ''.join(result)","def reverse_string(s):
    return s[::-1]",style_issue,python,Reverse String
"def reverse_string(s):
    result = []
for i in range(len(s)-1, -1, -1):
    result.append(s[i])
return ''.join(result)","def reverse_string(s):
    return s[::-1]",style_issue,python,Reverse String
"def reverse_string(s):
    result = []
for i in range(len(s)-1, -1, -1):
    result.append(s[i])
return ''.join(result)","def reverse_string(s):
    return s[::-1]",style_issue,python,Reverse String
"SELECT MAX(salary) as SecondHighestSalary
FROM employees
WHERE salary < (SELECT MAX(salary) FROM employees)
","SELECT MAX(salary) as SecondHighestSalary
FROM employees
WHERE salary < (SELECT MAX(salary) FROM employees)",correct,sql,SQL Second Highest
"SELECT MAX(salary) as SecondHighestSalary
FROM employees
WHERE salary < (SELECT MAX(salary) FROM employees)","SELECT MAX(salary) as SecondHighestSalary
FROM employees
WHERE salary < (SELECT MAX(salary) FROM employees)",correct,sql,SQL Second Highest
"SELECT MAX(salary) as SecondHighestSalary
FROM employees
WHERE salary < (SELECT MAX(salary) FROM employees)","SELECT MAX(salary) as SecondHighestSalary
FROM employees
WHERE salary < (SELECT MAX(salary) FROM employees)",correct,sql,SQL Second Highest
"SELECT MAX(salary) as SecondHighestSalary
FROM employees
WHERE salary < (SELECT MAX(salary) FROM employees)
","SELECT MAX(salary) as SecondHighestSalary
FROM employees
WHERE salary < (SELECT MAX(salary) FROM employees)",correct,sql,SQL Second Highest
"SELECT MAX(salary) as SecondHighestSalary
FROM employees
WHERE salary < (SELECT MAX(salary) FROM employees)","SELECT MAX(salary) as SecondHighestSalary
FROM employees
WHERE salary < (SELECT MAX(salary) FROM employees)",correct,sql,SQL Second Highest
"SELECT MAX(salary) as SecondHighestSalary
FROM employees
WHERE salary < (SELECT MAX(salary) FROM employees)","SELECT MAX(salary) as SecondHighestSalary
FROM employees
WHERE salary < (SELECT MAX(salary) FROM employees)",correct,sql,SQL Second Highest
"SELECT MAX(salary) as SecondHighestSalary
FROM employees
WHERE salary < (SELECT MAX(salary) FROM employees)","SELECT MAX(salary) as SecondHighestSalary
FROM employees
WHERE salary < (SELECT MAX(salary) FROM employees)",correct,sql,SQL Second Highest
"SELECT MAX(salary) as SecondHighestSalary
FROM employees
WHERE salary < (SELECT MAX(salary) FROM employees)
","SELECT MAX(salary) as SecondHighestSalary
FROM employees
WHERE salary < (SELECT MAX(salary) FROM employees)",correct,sql,SQL Second Highest
"SELECT MAX(salary) as SecondHighestSalary
FROM employees
WHERE salary < (SELECT MAX(salary) FROM employees)
","SELECT MAX(salary) as SecondHighestSalary
FROM employees
WHERE salary < (SELECT MAX(salary) FROM employees)",correct,sql,SQL Second Highest
"SELECT MAX(salary) as SecondHighestSalary
FROM employees
WHERE salary < (SELECT MAX(salary) FROM employees)
","SELECT MAX(salary) as SecondHighestSalary
FROM employees
WHERE salary < (SELECT MAX(salary) FROM employees)",correct,sql,SQL Second Highest
"SELECT MAX(salary) as SecondHighestSalary
FROM employees
WHERE salary < (SELECT MAX(salary) FROM employees)","SELECT MAX(salary) as SecondHighestSalary
FROM employees
WHERE salary < (SELECT MAX(salary) FROM employees)",correct,sql,SQL Second Highest
"SELECT MAX(salary) as SecondHighestSalary
FROM employees
WHERE salary < (SELECT MAX(salary) FROM employees)
","SELECT MAX(salary) as SecondHighestSalary
FROM employees
WHERE salary < (SELECT MAX(salary) FROM employees)",correct,sql,SQL Second Highest
"SELECT MAX(salary) as SecondHighestSalary
FROM employees
WHERE salary < (SELECT MAX(salary) FROM employees)","SELECT MAX(salary) as SecondHighestSalary
FROM employees
WHERE salary < (SELECT MAX(salary) FROM employees)",correct,sql,SQL Second Highest
"SELECT MAX(salary) as SecondHighestSalary
FROM employees
WHERE salary < (SELECT MAX(salary) FROM employees)","SELECT MAX(salary) as SecondHighestSalary
FROM employees
WHERE salary < (SELECT MAX(salary) FROM employees)",correct,sql,SQL Second Highest
"SELECT MAX(salary) as SecondHighestSalary
FROM employees
WHERE salary < (SELECT MAX(salary) FROM employees)
","SELECT MAX(salary) as SecondHighestSalary
FROM employees
WHERE salary < (SELECT MAX(salary) FROM employees)",correct,sql,SQL Second Highest
"SELECT MAX(salary) as SecondHighestSalary
FROM employees
WHERE salary < (SELECT MAX(salary) FROM employees)
","SELECT MAX(salary) as SecondHighestSalary
FROM employees
WHERE salary < (SELECT MAX(salary) FROM employees)",correct,sql,SQL Second Highest
"SELECT MAX(salary) as SecondHighestSalary
FROM employees
WHERE salary < (SELECT MAX(salary) FROM employees)","SELECT MAX(salary) as SecondHighestSalary
FROM employees
WHERE salary < (SELECT MAX(salary) FROM employees)",correct,sql,SQL Second Highest
"SELECT MAX(salary) as SecondHighestSalary
FROM employees
WHERE salary < (SELECT MAX(salary) FROM employees)","SELECT MAX(salary) as SecondHighestSalary
FROM employees
WHERE salary < (SELECT MAX(salary) FROM employees)",correct,sql,SQL Second Highest
"SELECT MAX(salary) as SecondHighestSalary
FROM employees
WHERE salary < (SELECT MAX(salary) FROM employees)
","SELECT MAX(salary) as SecondHighestSalary
FROM employees
WHERE salary < (SELECT MAX(salary) FROM employees)",correct,sql,SQL Second Highest
"SELECT MAX(salary) as SecondHighestSalary
FROM employees
WHERE salary < (SELECT MAX(salary) FROM employees)","SELECT MAX(salary) as SecondHighestSalary
FROM employees
WHERE salary < (SELECT MAX(salary) FROM employees)",correct,sql,SQL Second Highest
"SELECT MAX(salary) as SecondHighestSalary
FROM employees
WHERE salary < (SELECT MAX(salary) FROM employees)","SELECT MAX(salary) as SecondHighestSalary
FROM employees
WHERE salary < (SELECT MAX(salary) FROM employees)",correct,sql,SQL Second Highest
"SELECT MAX(salary) as SecondHighestSalary
FROM employees
WHERE salary < (SELECT MAX(salary) FROM employees)","SELECT MAX(salary) as SecondHighestSalary
FROM employees
WHERE salary < (SELECT MAX(salary) FROM employees)",correct,sql,SQL Second Highest
"SELECT MAX(salary) as SecondHighestSalary
FROM employees
WHERE salary < (SELECT MAX(salary) FROM employees)
","SELECT MAX(salary) as SecondHighestSalary
FROM employees
WHERE salary < (SELECT MAX(salary) FROM employees)",correct,sql,SQL Second Highest
"SELECT MAX(salary) as SecondHighestSalary
FROM employees
WHERE salary < (SELECT MAX(salary) FROM employees)","SELECT MAX(salary) as SecondHighestSalary
FROM employees
WHERE salary < (SELECT MAX(salary) FROM employees)",correct,sql,SQL Second Highest
"SELECT MAX(salary) as SecondHighestSalary
FROM employees
WHERE salary < (SELECT MAX(salary) FROM employees)
","SELECT MAX(salary) as SecondHighestSalary
FROM employees
WHERE salary < (SELECT MAX(salary) FROM employees)",correct,sql,SQL Second Highest
"SELECT MAX(salary) as SecondHighestSalary
FROM employees
WHERE salary < (SELECT MAX(salary) FROM employees)
","SELECT MAX(salary) as SecondHighestSalary
FROM employees
WHERE salary < (SELECT MAX(salary) FROM employees)",correct,sql,SQL Second Highest
"SELECT MAX(salary) as SecondHighestSalary
FROM employees
WHERE salary < (SELECT MAX(salary) FROM employees)
","SELECT MAX(salary) as SecondHighestSalary
FROM employees
WHERE salary < (SELECT MAX(salary) FROM employees)",correct,sql,SQL Second Highest
"SELECT MAX(salary) as SecondHighestSalary
FROM employees
WHERE salary < (SELECT MAX(salary) FROM employees)
","SELECT MAX(salary) as SecondHighestSalary
FROM employees
WHERE salary < (SELECT MAX(salary) FROM employees)",correct,sql,SQL Second Highest
"SELECT MAXsalary) as SecondHighestSalary
FROM employees
WHERE salary < (SELECT MAX(salary) FROM employees)","SELECT MAX(salary) as SecondHighestSalary
FROM employees
WHERE salary < (SELECT MAX(salary) FROM employees)",syntax_error,sql,SQL Second Highest
"SELECT MAX(salary as SecondHighestSalary
FROM employees
WHERE salary < (SELECT MAX(salary) FROM employees)","SELECT MAX(salary) as SecondHighestSalary
FROM employees
WHERE salary < (SELECT MAX(salary) FROM employees)",syntax_error,sql,SQL Second Highest
"SELECT MAXsalary) as SecondHighestSalary
FROM employees
WHERE salary < (SELECT MAX(salary) FROM employees)","SELECT MAX(salary) as SecondHighestSalary
FROM employees
WHERE salary < (SELECT MAX(salary) FROM employees)",syntax_error,sql,SQL Second Highest
"SELECT MAXsalary) as SecondHighestSalary
FROM employees
WHERE salary < (SELECT MAX(salary) FROM employees)","SELECT MAX(salary) as SecondHighestSalary
FROM employees
WHERE salary < (SELECT MAX(salary) FROM employees)",syntax_error,sql,SQL Second Highest
"SELECT MAX(salary as SecondHighestSalary
FROM employees
WHERE salary < (SELECT MAX(salary) FROM employees)","SELECT MAX(salary) as SecondHighestSalary
FROM employees
WHERE salary < (SELECT MAX(salary) FROM employees)",syntax_error,sql,SQL Second Highest
"SELECT MAX(salary as SecondHighestSalary
FROM employees
WHERE salary < (SELECT MAX(salary) FROM employees)","SELECT MAX(salary) as SecondHighestSalary
FROM employees
WHERE salary < (SELECT MAX(salary) FROM employees)",syntax_error,sql,SQL Second Highest
"SELECT MAXsalary) as SecondHighestSalary
FROM employees
WHERE salary < (SELECT MAX(salary) FROM employees)","SELECT MAX(salary) as SecondHighestSalary
FROM employees
WHERE salary < (SELECT MAX(salary) FROM employees)",syntax_error,sql,SQL Second Highest
"SELECT MAX(salary) as SecondHighestSalary
FROM employees
WHERE salary <= (SELECT MAX(salary) FROM employees)","SELECT MAX(salary) as SecondHighestSalary
FROM employees
WHERE salary < (SELECT MAX(salary) FROM employees)",logic_error,sql,SQL Second Highest
"SELECT MAX(salary) as SecondHighestSalary
FROM employees
WHERE salary <= (SELECT MAX(salary) FROM employees)","SELECT MAX(salary) as SecondHighestSalary
FROM employees
WHERE salary < (SELECT MAX(salary) FROM employees)",logic_error,sql,SQL Second Highest
"SELECT MAX(salary) as SecondHighestSalary
FROM employees
WHERE salary <= (SELECT MAX(salary) FROM employees)","SELECT MAX(salary) as SecondHighestSalary
FROM employees
WHERE salary < (SELECT MAX(salary) FROM employees)",logic_error,sql,SQL Second Highest
"SELECT MAX(salary) as SecondHighestSalary
FROM employees
WHERE salary <= (SELECT MAX(salary) FROM employees)","SELECT MAX(salary) as SecondHighestSalary
FROM employees
WHERE salary < (SELECT MAX(salary) FROM employees)",logic_error,sql,SQL Second Highest
"SELECT MAX(salary) as SecondHighestSalary
FROM employees
WHERE salary <= (SELECT MAX(salary) FROM employees)","SELECT MAX(salary) as SecondHighestSalary
FROM employees
WHERE salary < (SELECT MAX(salary) FROM employees)",logic_error,sql,SQL Second Highest
"SELECT MAX(salary) as SecondHighestSalary
FROM employees
WHERE salary < (SELECT MAX(salary) FROM employees)
# TODO: optimize this code","SELECT MAX(salary) as SecondHighestSalary
FROM employees
WHERE salary < (SELECT MAX(salary) FROM employees)",style_issue,sql,SQL Second Highest
"SELECT MAX(salary) as SecondHighestSalary
FROM employees
WHERE salary < (SELECT MAX(salary) FROM employees)
# TODO: optimize this code","SELECT MAX(salary) as SecondHighestSalary
FROM employees
WHERE salary < (SELECT MAX(salary) FROM employees)",style_issue,sql,SQL Second Highest
"SELECT MAX(salary) as SecondHighestSalary
FROM employees
WHERE salary < (SELECT MAX(salary) FROM employees)
# TODO: optimize this code","SELECT MAX(salary) as SecondHighestSalary
FROM employees
WHERE salary < (SELECT MAX(salary) FROM employees)",style_issue,sql,SQL Second Highest
"SELECT MAX(salary) as SecondHighestSalary
FROM employees
WHERE salary < (SELECT MAX(salary) FROM employees)
# TODO: optimize this code","SELECT MAX(salary) as SecondHighestSalary
FROM employees
WHERE salary < (SELECT MAX(salary) FROM employees)",style_issue,sql,SQL Second Highest
"SELECT MAX(salary) as SecondHighestSalary
FROM employees
WHERE salary < (SELECT MAX(salary) FROM employees)
# TODO: optimize this code","SELECT MAX(salary) as SecondHighestSalary
FROM employees
WHERE salary < (SELECT MAX(salary) FROM employees)",style_issue,sql,SQL Second Highest
"SELECT MAX(salary) as SecondHighestSalary
FROM employees
WHERE salary < (SELECT MAX(salary) FROM employees)
# TODO: optimize this code","SELECT MAX(salary) as SecondHighestSalary
FROM employees
WHERE salary < (SELECT MAX(salary) FROM employees)",style_issue,sql,SQL Second Highest
"SELECT MAX(salary) as SecondHighestSalary
FROM employees
WHERE salary < (SELECT MAX(salary) FROM employees)
# TODO: optimize this code","SELECT MAX(salary) as SecondHighestSalary
FROM employees
WHERE salary < (SELECT MAX(salary) FROM employees)",style_issue,sql,SQL Second Highest
"SELECT MAX(salary) as SecondHighestSalary
FROM employees
WHERE salary < (SELECT MAX(salary) FROM employees)
# TODO: optimize this code","SELECT MAX(salary) as SecondHighestSalary
FROM employees
WHERE salary < (SELECT MAX(salary) FROM employees)",style_issue,sql,SQL Second Highest
"SELECT MAX(salary) as SecondHighestSalary
FROM employees
WHERE salary < (SELECT MAX(salary) FROM employees)
# TODO: optimize this code","SELECT MAX(salary) as SecondHighestSalary
FROM employees
WHERE salary < (SELECT MAX(salary) FROM employees)",style_issue,sql,SQL Second Highest
"SELECT MAX(salary) as SecondHighestSalary
FROM employees
WHERE salary < (SELECT MAX(salary) FROM employees)
# TODO: optimize this code","SELECT MAX(salary) as SecondHighestSalary
FROM employees
WHERE salary < (SELECT MAX(salary) FROM employees)",style_issue,sql,SQL Second Highest
"SELECT MAX(salary) as SecondHighestSalary
FROM employees
WHERE salary < (SELECT MAX(salary) FROM employees)
# TODO: optimize this code","SELECT MAX(salary) as SecondHighestSalary
FROM employees
WHERE salary < (SELECT MAX(salary) FROM employees)",style_issue,sql,SQL Second Highest
"SELECT MAX(salary) as SecondHighestSalary
FROM employees
WHERE salary < (SELECT MAX(salary) FROM employees)
# TODO: optimize this code","SELECT MAX(salary) as SecondHighestSalary
FROM employees
WHERE salary < (SELECT MAX(salary) FROM employees)",style_issue,sql,SQL Second Highest
"SELECT MAX(salary) as SecondHighestSalary
FROM employees
WHERE salary < (SELECT MAX(salary) FROM employees)
# TODO: optimize this code","SELECT MAX(salary) as SecondHighestSalary
FROM employees
WHERE salary < (SELECT MAX(salary) FROM employees)",style_issue,sql,SQL Second Highest
"SELECT MAX(salary) as SecondHighestSalary
FROM employees
WHERE salary < (SELECT MAX(salary) FROM employees)
# TODO: optimize this code","SELECT MAX(salary) as SecondHighestSalary
FROM employees
WHERE salary < (SELECT MAX(salary) FROM employees)",style_issue,sql,SQL Second Highest
"SELECT MAX(salary) as SecondHighestSalary
FROM employees
WHERE salary < (SELECT MAX(salary) FROM employees)
# TODO: optimize this code","SELECT MAX(salary) as SecondHighestSalary
FROM employees
WHERE salary < (SELECT MAX(salary) FROM employees)",style_issue,sql,SQL Second Highest
"SELECT MAX(salary) as SecondHighestSalary
FROM employees
WHERE salary < (SELECT MAX(salary) FROM employees)
# TODO: optimize this code","SELECT MAX(salary) as SecondHighestSalary
FROM employees
WHERE salary < (SELECT MAX(salary) FROM employees)",style_issue,sql,SQL Second Highest
"SELECT MAX(salary) as SecondHighestSalary
FROM employees
WHERE salary < (SELECT MAX(salary) FROM employees)
# TODO: optimize this code","SELECT MAX(salary) as SecondHighestSalary
FROM employees
WHERE salary < (SELECT MAX(salary) FROM employees)",style_issue,sql,SQL Second Highest
"SELECT MAX(salary) as SecondHighestSalary
FROM employees
WHERE salary < (SELECT MAX(salary) FROM employees)
# TODO: optimize this code","SELECT MAX(salary) as SecondHighestSalary
FROM employees
WHERE salary < (SELECT MAX(salary) FROM employees)",style_issue,sql,SQL Second Highest
"SELECT MAX(salary) as SecondHighestSalary
FROM employees
WHERE salary < (SELECT MAX(salary) FROM employees)
# TODO: optimize this code","SELECT MAX(salary) as SecondHighestSalary
FROM employees
WHERE salary < (SELECT MAX(salary) FROM employees)",style_issue,sql,SQL Second Highest
"SELECT MAX(salary) as SecondHighestSalary
FROM employees
WHERE salary < (SELECT MAX(salary) FROM employees)
# TODO: optimize this code","SELECT MAX(salary) as SecondHighestSalary
FROM employees
WHERE salary < (SELECT MAX(salary) FROM employees)",style_issue,sql,SQL Second Highest
"SELECT MAX(salary) as SecondHighestSalary
FROM employees
WHERE salary < (SELECT MAX(salary) FROM employees)
# TODO: optimize this code","SELECT MAX(salary) as SecondHighestSalary
FROM employees
WHERE salary < (SELECT MAX(salary) FROM employees)",style_issue,sql,SQL Second Highest
"SELECT MAX(salary) as SecondHighestSalary
FROM employees
WHERE salary < (SELECT MAX(salary) FROM employees)
# TODO: optimize this code","SELECT MAX(salary) as SecondHighestSalary
FROM employees
WHERE salary < (SELECT MAX(salary) FROM employees)",style_issue,sql,SQL Second Highest
"SELECT MAX(salary) as SecondHighestSalary
FROM employees
WHERE salary < (SELECT MAX(salary) FROM employees)
# TODO: optimize this code","SELECT MAX(salary) as SecondHighestSalary
FROM employees
WHERE salary < (SELECT MAX(salary) FROM employees)",style_issue,sql,SQL Second Highest
"SELECT MAX(salary) as SecondHighestSalary
FROM employees
WHERE salary < (SELECT MAX(salary) FROM employees)
# TODO: optimize this code","SELECT MAX(salary) as SecondHighestSalary
FROM employees
WHERE salary < (SELECT MAX(salary) FROM employees)",style_issue,sql,SQL Second Highest
"SELECT MAX(salary) as SecondHighestSalary
FROM employees
WHERE salary < (SELECT MAX(salary) FROM employees)
# TODO: optimize this code","SELECT MAX(salary) as SecondHighestSalary
FROM employees
WHERE salary < (SELECT MAX(salary) FROM employees)",style_issue,sql,SQL Second Highest
"SELECT MAX(salary) as SecondHighestSalary
FROM employees
WHERE salary < (SELECT MAX(salary) FROM employees)
# TODO: optimize this code","SELECT MAX(salary) as SecondHighestSalary
FROM employees
WHERE salary < (SELECT MAX(salary) FROM employees)",style_issue,sql,SQL Second Highest
"SELECT MAX(salary) as SecondHighestSalary
FROM employees
WHERE salary < (SELECT MAX(salary) FROM employees)
# TODO: optimize this code","SELECT MAX(salary) as SecondHighestSalary
FROM employees
WHERE salary < (SELECT MAX(salary) FROM employees)",style_issue,sql,SQL Second Highest
"SELECT MAX(salary) as SecondHighestSalary
FROM employees
WHERE salary < (SELECT MAX(salary) FROM employees)
# TODO: optimize this code","SELECT MAX(salary) as SecondHighestSalary
FROM employees
WHERE salary < (SELECT MAX(salary) FROM employees)",style_issue,sql,SQL Second Highest
"function debounce(func, delay) {
  let timeoutId;
  return function(...args) {
    clearTimeout(timeoutId);
    timeoutId = setTimeout(() => func.apply(this, args), delay);
  };
}","function debounce(func, delay) {
    let timeoutId;
    return function(...args) {
        clearTimeout(timeoutId);
        timeoutId = setTimeout(() => func.apply(this, args), delay);
    };
}",correct,javascript,Debounce Function
"function debounce(func, delay) {
    let timeoutId;
    return function(...args) {
        clearTimeout(timeoutId);
        timeoutId = setTimeout(() => func.apply(this, args), delay);
    };
}","function debounce(func, delay) {
    let timeoutId;
    return function(...args) {
        clearTimeout(timeoutId);
        timeoutId = setTimeout(() => func.apply(this, args), delay);
    };
}",correct,javascript,Debounce Function
"function debounce(func, delay) {
  let timeoutId;
  return function(...args) {
    clearTimeout(timeoutId);
    timeoutId = setTimeout(() => func.apply(this, args), delay);
  };
}","function debounce(func, delay) {
    let timeoutId;
    return function(...args) {
        clearTimeout(timeoutId);
        timeoutId = setTimeout(() => func.apply(this, args), delay);
    };
}",correct,javascript,Debounce Function
"function debounce(func, delay) {
  let timeoutId;
  return function(...args) {
    clearTimeout(timeoutId);
    timeoutId = setTimeout(() => func.apply(this, args), delay);
  };
}","function debounce(func, delay) {
    let timeoutId;
    return function(...args) {
        clearTimeout(timeoutId);
        timeoutId = setTimeout(() => func.apply(this, args), delay);
    };
}",correct,javascript,Debounce Function
"function debounce(func, delay) {
  let timeoutId;
  return function(...args) {
    clearTimeout(timeoutId);
    timeoutId = setTimeout(() => func.apply(this, args), delay);
  };
}","function debounce(func, delay) {
    let timeoutId;
    return function(...args) {
        clearTimeout(timeoutId);
        timeoutId = setTimeout(() => func.apply(this, args), delay);
    };
}",correct,javascript,Debounce Function
"function debounce(func, delay) {
    let timeoutId;
    return function(...args) {
        clearTimeout(timeoutId);
        timeoutId = setTimeout(() => func.apply(this, args), delay);
    };
}","function debounce(func, delay) {
    let timeoutId;
    return function(...args) {
        clearTimeout(timeoutId);
        timeoutId = setTimeout(() => func.apply(this, args), delay);
    };
}",correct,javascript,Debounce Function
"function debounce(func, delay) {
  let timeoutId;
  return function(...args) {
    clearTimeout(timeoutId);
    timeoutId = setTimeout(() => func.apply(this, args), delay);
  };
}","function debounce(func, delay) {
    let timeoutId;
    return function(...args) {
        clearTimeout(timeoutId);
        timeoutId = setTimeout(() => func.apply(this, args), delay);
    };
}",correct,javascript,Debounce Function
"function debounce(func, delay) {
    let timeoutId;
    return function(...args) {
        clearTimeout(timeoutId);
        timeoutId = setTimeout(() => func.apply(this, args), delay);
    };
}","function debounce(func, delay) {
    let timeoutId;
    return function(...args) {
        clearTimeout(timeoutId);
        timeoutId = setTimeout(() => func.apply(this, args), delay);
    };
}",correct,javascript,Debounce Function
"function debounce(func, delay) {
  let timeoutId;
  return function(...args) {
    clearTimeout(timeoutId);
    timeoutId = setTimeout(() => func.apply(this, args), delay);
  };
}","function debounce(func, delay) {
    let timeoutId;
    return function(...args) {
        clearTimeout(timeoutId);
        timeoutId = setTimeout(() => func.apply(this, args), delay);
    };
}",correct,javascript,Debounce Function
"function debounce(func, delay) {
    let timeoutId;
    return function(...args) {
        clearTimeout(timeoutId);
        timeoutId = setTimeout(() => func.apply(this, args), delay);
    };
}
","function debounce(func, delay) {
    let timeoutId;
    return function(...args) {
        clearTimeout(timeoutId);
        timeoutId = setTimeout(() => func.apply(this, args), delay);
    };
}",correct,javascript,Debounce Function
"function debounce(func, delay) {
  let timeoutId;
  return function(...args) {
    clearTimeout(timeoutId);
    timeoutId = setTimeout(() => func.apply(this, args), delay);
  };
}","function debounce(func, delay) {
    let timeoutId;
    return function(...args) {
        clearTimeout(timeoutId);
        timeoutId = setTimeout(() => func.apply(this, args), delay);
    };
}",correct,javascript,Debounce Function
"function debounce(func, delay) {
    let timeoutId;
    return function(...args) {
        clearTimeout(timeoutId);
        timeoutId = setTimeout(() => func.apply(this, args), delay);
    };
}
","function debounce(func, delay) {
    let timeoutId;
    return function(...args) {
        clearTimeout(timeoutId);
        timeoutId = setTimeout(() => func.apply(this, args), delay);
    };
}",correct,javascript,Debounce Function
"function debounce(func, delay) {
  let timeoutId;
  return function(...args) {
    clearTimeout(timeoutId);
    timeoutId = setTimeout(() => func.apply(this, args), delay);
  };
}","function debounce(func, delay) {
    let timeoutId;
    return function(...args) {
        clearTimeout(timeoutId);
        timeoutId = setTimeout(() => func.apply(this, args), delay);
    };
}",correct,javascript,Debounce Function
"function debounce(func, delay) {
    let timeoutId;
    return function(...args) {
        clearTimeout(timeoutId);
        timeoutId = setTimeout(() => func.apply(this, args), delay);
    };
}
","function debounce(func, delay) {
    let timeoutId;
    return function(...args) {
        clearTimeout(timeoutId);
        timeoutId = setTimeout(() => func.apply(this, args), delay);
    };
}",correct,javascript,Debounce Function
"function debounce(func, delay) {
    let timeoutId;
    return function(...args) {
        clearTimeout(timeoutId);
        timeoutId = setTimeout(() => func.apply(this, args), delay);
    };
}
","function debounce(func, delay) {
    let timeoutId;
    return function(...args) {
        clearTimeout(timeoutId);
        timeoutId = setTimeout(() => func.apply(this, args), delay);
    };
}",correct,javascript,Debounce Function
"function debounce(func, delay) {
    let timeoutId;
    return function(...args) {
        clearTimeout(timeoutId);
        timeoutId = setTimeout(() => func.apply(this, args), delay);
    };
}","function debounce(func, delay) {
    let timeoutId;
    return function(...args) {
        clearTimeout(timeoutId);
        timeoutId = setTimeout(() => func.apply(this, args), delay);
    };
}",correct,javascript,Debounce Function
"function debounce(func, delay) {
    let timeoutId;
    return function(...args) {
        clearTimeout(timeoutId);
        timeoutId = setTimeout(() => func.apply(this, args), delay);
    };
}","function debounce(func, delay) {
    let timeoutId;
    return function(...args) {
        clearTimeout(timeoutId);
        timeoutId = setTimeout(() => func.apply(this, args), delay);
    };
}",correct,javascript,Debounce Function
"function debounce(func, delay) {
  let timeoutId;
  return function(...args) {
    clearTimeout(timeoutId);
    timeoutId = setTimeout(() => func.apply(this, args), delay);
  };
}","function debounce(func, delay) {
    let timeoutId;
    return function(...args) {
        clearTimeout(timeoutId);
        timeoutId = setTimeout(() => func.apply(this, args), delay);
    };
}",correct,javascript,Debounce Function
"function debounce(func, delay) {
    let timeoutId;
    return function(...args) {
        clearTimeout(timeoutId);
        timeoutId = setTimeout(() => func.apply(this, args), delay);
    };
}","function debounce(func, delay) {
    let timeoutId;
    return function(...args) {
        clearTimeout(timeoutId);
        timeoutId = setTimeout(() => func.apply(this, args), delay);
    };
}",correct,javascript,Debounce Function
"function debounce(func, delay) {
  let timeoutId;
  return function(...args) {
    clearTimeout(timeoutId);
    timeoutId = setTimeout(() => func.apply(this, args), delay);
  };
}","function debounce(func, delay) {
    let timeoutId;
    return function(...args) {
        clearTimeout(timeoutId);
        timeoutId = setTimeout(() => func.apply(this, args), delay);
    };
}",correct,javascript,Debounce Function
"function debounce(func, delay) {
    let timeoutId;
    return function(...args) {
        clearTimeout(timeoutId);
        timeoutId = setTimeout(() => func.apply(this, args), delay);
    };
}
","function debounce(func, delay) {
    let timeoutId;
    return function(...args) {
        clearTimeout(timeoutId);
        timeoutId = setTimeout(() => func.apply(this, args), delay);
    };
}",correct,javascript,Debounce Function
"function debounce(func, delay) {
    let timeoutId;
    return function(...args) {
        clearTimeout(timeoutId);
        timeoutId = setTimeout(() => func.apply(this, args), delay);
    };
}","function debounce(func, delay) {
    let timeoutId;
    return function(...args) {
        clearTimeout(timeoutId);
        timeoutId = setTimeout(() => func.apply(this, args), delay);
    };
}",correct,javascript,Debounce Function
"function debounce(func, delay) {
    let timeoutId;
    return function(...args) {
        clearTimeout(timeoutId);
        timeoutId = setTimeout(() => func.apply(this, args), delay);
    };
}","function debounce(func, delay) {
    let timeoutId;
    return function(...args) {
        clearTimeout(timeoutId);
        timeoutId = setTimeout(() => func.apply(this, args), delay);
    };
}",correct,javascript,Debounce Function
"function debounce(func, delay) {
    let timeoutId;
    return function(...args) {
        clearTimeout(timeoutId);
        timeoutId = setTimeout(() => func.apply(this, args), delay);
    };
}","function debounce(func, delay) {
    let timeoutId;
    return function(...args) {
        clearTimeout(timeoutId);
        timeoutId = setTimeout(() => func.apply(this, args), delay);
    };
}",correct,javascript,Debounce Function
"function debounce(func, delay) {
    let timeoutId;
    return function(...args) {
        clearTimeout(timeoutId);
        timeoutId = setTimeout(() => func.apply(this, args), delay);
    };
}
","function debounce(func, delay) {
    let timeoutId;
    return function(...args) {
        clearTimeout(timeoutId);
        timeoutId = setTimeout(() => func.apply(this, args), delay);
    };
}",correct,javascript,Debounce Function
"function debounce(func, delay) {
    let timeoutId;
    return function(...args) {
        clearTimeout(timeoutId);
        timeoutId = setTimeout(() => func.apply(this, args), delay);
    };
}","function debounce(func, delay) {
    let timeoutId;
    return function(...args) {
        clearTimeout(timeoutId);
        timeoutId = setTimeout(() => func.apply(this, args), delay);
    };
}",correct,javascript,Debounce Function
"function debounce(func, delay) {
    let timeoutId;
    return function(...args) {
        clearTimeout(timeoutId);
        timeoutId = setTimeout(() => func.apply(this, args), delay);
    };
}
","function debounce(func, delay) {
    let timeoutId;
    return function(...args) {
        clearTimeout(timeoutId);
        timeoutId = setTimeout(() => func.apply(this, args), delay);
    };
}",correct,javascript,Debounce Function
"function debounce(func, delay) {
  let timeoutId;
  return function(...args) {
    clearTimeout(timeoutId);
    timeoutId = setTimeout(() => func.apply(this, args), delay);
  };
}","function debounce(func, delay) {
    let timeoutId;
    return function(...args) {
        clearTimeout(timeoutId);
        timeoutId = setTimeout(() => func.apply(this, args), delay);
    };
}",correct,javascript,Debounce Function
"function debouncefunc, delay) {
    let timeoutId;
    return function(...args) {
        clearTimeout(timeoutId);
        timeoutId = setTimeout(() => func.apply(this, args), delay);
    };
}","function debounce(func, delay) {
    let timeoutId;
    return function(...args) {
        clearTimeout(timeoutId);
        timeoutId = setTimeout(() => func.apply(this, args), delay);
    };
}",syntax_error,javascript,Debounce Function
"function debouncefunc delay) {
    let timeoutId;
    return function(...args) {
        clearTimeout(timeoutId);
        timeoutId = setTimeout(() => func.apply(this, args), delay);
    };
}","function debounce(func, delay) {
    let timeoutId;
    return function(...args) {
        clearTimeout(timeoutId);
        timeoutId = setTimeout(() => func.apply(this, args), delay);
    };
}",syntax_error,javascript,Debounce Function
"function debounce(func, delay) {
    let timeoutId;
    Return function(...args) {
        clearTimeout(timeoutId);
        timeoutId = setTimeout(() => func.apply(this, args), delay);
    };
}","function debounce(func, delay) {
    let timeoutId;
    return function(...args) {
        clearTimeout(timeoutId);
        timeoutId = setTimeout(() => func.apply(this, args), delay);
    };
}",syntax_error,javascript,Debounce Function
"function debounce(func, delay) {
    let timeoutId;
    Return function(...args) {
        clearTimeout(timeoutId);
        timeoutId = setTimeout(() => func.apply(this, args), delay);
    };
}","function debounce(func, delay) {
    let timeoutId;
    return function(...args) {
        clearTimeout(timeoutId);
        timeoutId = setTimeout(() => func.apply(this, args), delay);
    };
}",syntax_error,javascript,Debounce Function
"function debounce(func, delay) {
    let timeoutId;
    Return function(...args) {
        clearTimeout(timeoutId);
        timeoutId = setTimeout(() => func.apply(this, args), delay);
    };
}","function debounce(func, delay) {
    let timeoutId;
    return function(...args) {
        clearTimeout(timeoutId);
        timeoutId = setTimeout(() => func.apply(this, args), delay);
    };
}",syntax_error,javascript,Debounce Function
"function debounce(func, delay) {
    let timeoutId;
    Return function(...args) {
        clearTimeout(timeoutId);
        timeoutId = setTimeout(() => func.apply(this, args), delay);
    };
}","function debounce(func, delay) {
    let timeoutId;
    return function(...args) {
        clearTimeout(timeoutId);
        timeoutId = setTimeout(() => func.apply(this, args), delay);
    };
}",syntax_error,javascript,Debounce Function
"function debounce(func, delay) {
    let timeoutId;
    Return function(...args) {
        clearTimeout(timeoutId);
        timeoutId = setTimeout(() => func.apply(this, args), delay);
    };
}","function debounce(func, delay) {
    let timeoutId;
    return function(...args) {
        clearTimeout(timeoutId);
        timeoutId = setTimeout(() => func.apply(this, args), delay);
    };
}",syntax_error,javascript,Debounce Function
"function debounce(func, delay {
    let timeoutId;
    return function(...args) {
        clearTimeout(timeoutId);
        timeoutId = setTimeout(() => func.apply(this, args), delay);
    };
}","function debounce(func, delay) {
    let timeoutId;
    return function(...args) {
        clearTimeout(timeoutId);
        timeoutId = setTimeout(() => func.apply(this, args), delay);
    };
}",syntax_error,javascript,Debounce Function
"function debounce(func delay) {
    let timeoutId;
    return function(...args) {
        clearTimeout(timeoutId);
        timeoutId = setTimeout(() => func.apply(this, args), delay);
    };
}","function debounce(func, delay) {
    let timeoutId;
    return function(...args) {
        clearTimeout(timeoutId);
        timeoutId = setTimeout(() => func.apply(this, args), delay);
    };
}",syntax_error,javascript,Debounce Function
"function debouncefunc, delay) {
    let timeoutId;
    Return function(...args) {
        clearTimeout(timeoutId);
        timeoutId = setTimeout(() => func.apply(this, args), delay);
    };
}","function debounce(func, delay) {
    let timeoutId;
    return function(...args) {
        clearTimeout(timeoutId);
        timeoutId = setTimeout(() => func.apply(this, args), delay);
    };
}",syntax_error,javascript,Debounce Function
"function debounce(func, delay {
    let timeoutId;
    Return function(...args) {
        clearTimeout(timeoutId);
        timeoutId = setTimeout(() => func.apply(this, args), delay);
    };
}","function debounce(func, delay) {
    let timeoutId;
    return function(...args) {
        clearTimeout(timeoutId);
        timeoutId = setTimeout(() => func.apply(this, args), delay);
    };
}",syntax_error,javascript,Debounce Function
"function debounce(func, delay) {
    let timeoutId;
    Return function(...args) {
        clearTimeout(timeoutId);
        timeoutId = setTimeout(() => func.apply(this, args), delay);
    };
}","function debounce(func, delay) {
    let timeoutId;
    return function(...args) {
        clearTimeout(timeoutId);
        timeoutId = setTimeout(() => func.apply(this, args), delay);
    };
}",syntax_error,javascript,Debounce Function
"function debounce(func, delay {
    let timeoutId;
    return function(...args) {
        clearTimeout(timeoutId);
        timeoutId = setTimeout(() => func.apply(this, args), delay);
    };
}","function debounce(func, delay) {
    let timeoutId;
    return function(...args) {
        clearTimeout(timeoutId);
        timeoutId = setTimeout(() => func.apply(this, args), delay);
    };
}",syntax_error,javascript,Debounce Function
"function debounce(func, delay) {
    let timeoutId;
    Return function(...args) {
        clearTimeout(timeoutId);
        timeoutId = setTimeout(() => func.apply(this, args), delay);
    };
}","function debounce(func, delay) {
    let timeoutId;
    return function(...args) {
        clearTimeout(timeoutId);
        timeoutId = setTimeout(() => func.apply(this, args), delay);
    };
}",syntax_error,javascript,Debounce Function
"function debounce(func delay) {
    let timeoutId;
    return function(...args) {
        clearTimeout(timeoutId);
        timeoutId = setTimeout(() => func.apply(this, args), delay);
    };
}","function debounce(func, delay) {
    let timeoutId;
    return function(...args) {
        clearTimeout(timeoutId);
        timeoutId = setTimeout(() => func.apply(this, args), delay);
    };
}",syntax_error,javascript,Debounce Function
"function debounce(func delay) {
    let timeoutId;
    return function(...args) {
        clearTimeout(timeoutId);
        timeoutId = setTimeout(() => func.apply(this, args), delay);
    };
}","function debounce(func, delay) {
    let timeoutId;
    return function(...args) {
        clearTimeout(timeoutId);
        timeoutId = setTimeout(() => func.apply(this, args), delay);
    };
}",syntax_error,javascript,Debounce Function
"function debounce(func, delay {
    let timeoutId;
    return function(...args) {
        clearTimeout(timeoutId);
        timeoutId = setTimeout(() => func.apply(this, args), delay);
    };
}","function debounce(func, delay) {
    let timeoutId;
    return function(...args) {
        clearTimeout(timeoutId);
        timeoutId = setTimeout(() => func.apply(this, args), delay);
    };
}",syntax_error,javascript,Debounce Function
"function debouncefunc, delay) {
    let timeoutId;
    return function(...args) {
        clearTimeout(timeoutId);
        timeoutId = setTimeout(() => func.apply(this, args), delay);
    };
}","function debounce(func, delay) {
    let timeoutId;
    return function(...args) {
        clearTimeout(timeoutId);
        timeoutId = setTimeout(() => func.apply(this, args), delay);
    };
}",syntax_error,javascript,Debounce Function
"function debouncefunc, delay) {
    let timeoutId;
    return function(...args) {
        clearTimeout(timeoutId);
        timeoutId = setTimeout(() => func.apply(this, args), delay);
    };
}","function debounce(func, delay) {
    let timeoutId;
    return function(...args) {
        clearTimeout(timeoutId);
        timeoutId = setTimeout(() => func.apply(this, args), delay);
    };
}",syntax_error,javascript,Debounce Function
"function debounce(func, delay) {
    let timeoutId;
    return function(...args) {
        clearTimeout(timeoutId);
        timeoutId = setTimeout(() =>= func.apply(this, args), delay);
    };
}","function debounce(func, delay) {
    let timeoutId;
    return function(...args) {
        clearTimeout(timeoutId);
        timeoutId = setTimeout(() => func.apply(this, args), delay);
    };
}",logic_error,javascript,Debounce Function
"function debounce(func, delay) {
    let timeoutId;
    return function(...args) {
        clearTimeout(timeoutId);
        timeoutId = setTimeout(() =>= func.apply(this, args), delay);
    };
}","function debounce(func, delay) {
    let timeoutId;
    return function(...args) {
        clearTimeout(timeoutId);
        timeoutId = setTimeout(() => func.apply(this, args), delay);
    };
}",logic_error,javascript,Debounce Function
"function debounce(func, delay) {
    let timeoutId;
    return function(...args) {
        clearTimeout(timeoutId);
        timeoutId = setTimeout(() =>= func.apply(this, args), delay);
    };
}","function debounce(func, delay) {
    let timeoutId;
    return function(...args) {
        clearTimeout(timeoutId);
        timeoutId = setTimeout(() => func.apply(this, args), delay);
    };
}",logic_error,javascript,Debounce Function
"function debounce(func, delay) {
    let timeoutId;
    return function(...args) {
        clearTimeout(timeoutId);
        timeoutId = setTimeout(() =>= func.apply(this, args), delay);
    };
}","function debounce(func, delay) {
    let timeoutId;
    return function(...args) {
        clearTimeout(timeoutId);
        timeoutId = setTimeout(() => func.apply(this, args), delay);
    };
}",logic_error,javascript,Debounce Function
"function debounce(func, delay) {
    let timeoutId;
    return function(...args) {
        clearTimeout(timeoutId);
        timeoutId = setTimeout(() => func.apply(this, args), delay);
    };
}
# TODO: optimize this code","function debounce(func, delay) {
    let timeoutId;
    return function(...args) {
        clearTimeout(timeoutId);
        timeoutId = setTimeout(() => func.apply(this, args), delay);
    };
}",style_issue,javascript,Debounce Function
"function debounce(func, delay) {
    let timeoutId;
    return function(...args) {
        clearTimeout(timeoutId);
        timeoutId = setTimeout(() => func.apply(this, args), delay);
    };
}
# TODO: optimize this code","function debounce(func, delay) {
    let timeoutId;
    return function(...args) {
        clearTimeout(timeoutId);
        timeoutId = setTimeout(() => func.apply(this, args), delay);
    };
}",style_issue,javascript,Debounce Function
"function debounce(func, delay) {
    let timeoutId;
    return function(...args) {
        clearTimeout(timeoutId);
        timeoutId = setTimeout(() => func.apply(this, args), delay);
    };
}
# TODO: optimize this code","function debounce(func, delay) {
    let timeoutId;
    return function(...args) {
        clearTimeout(timeoutId);
        timeoutId = setTimeout(() => func.apply(this, args), delay);
    };
}",style_issue,javascript,Debounce Function
"function debounce(func, delay) {
    let timeoutId;
    return function(...args) {
        clearTimeout(timeoutId);
        timeoutId = setTimeout(() => func.apply(this, args), delay);
    };
}
# TODO: optimize this code","function debounce(func, delay) {
    let timeoutId;
    return function(...args) {
        clearTimeout(timeoutId);
        timeoutId = setTimeout(() => func.apply(this, args), delay);
    };
}",style_issue,javascript,Debounce Function
"function debounce(func, delay) {
    let timeoutId;
    return function(...args) {
        clearTimeout(timeoutId);
        timeoutId = setTimeout(() => func.apply(this, args), delay);
    };
}
# TODO: optimize this code","function debounce(func, delay) {
    let timeoutId;
    return function(...args) {
        clearTimeout(timeoutId);
        timeoutId = setTimeout(() => func.apply(this, args), delay);
    };
}",style_issue,javascript,Debounce Function
"function debounce(func, delay) {
    let timeoutId;
    return function(...args) {
        clearTimeout(timeoutId);
        timeoutId = setTimeout(() => func.apply(this, args), delay);
    };
}
# TODO: optimize this code","function debounce(func, delay) {
    let timeoutId;
    return function(...args) {
        clearTimeout(timeoutId);
        timeoutId = setTimeout(() => func.apply(this, args), delay);
    };
}",style_issue,javascript,Debounce Function
"function debounce(func, delay) {
    let timeoutId;
    return function(...args) {
        clearTimeout(timeoutId);
        timeoutId = setTimeout(() => func.apply(this, args), delay);
    };
}
# TODO: optimize this code","function debounce(func, delay) {
    let timeoutId;
    return function(...args) {
        clearTimeout(timeoutId);
        timeoutId = setTimeout(() => func.apply(this, args), delay);
    };
}",style_issue,javascript,Debounce Function
"function debounce(func, delay) {
    let timeoutId;
    return function(...args) {
        clearTimeout(timeoutId);
        timeoutId = setTimeout(() => func.apply(this, args), delay);
    };
}
# TODO: optimize this code","function debounce(func, delay) {
    let timeoutId;
    return function(...args) {
        clearTimeout(timeoutId);
        timeoutId = setTimeout(() => func.apply(this, args), delay);
    };
}",style_issue,javascript,Debounce Function
"function debounce(func, delay) {
    let timeoutId;
    return function(...args) {
        clearTimeout(timeoutId);
        timeoutId = setTimeout(() => func.apply(this, args), delay);
    };
}
# TODO: optimize this code","function debounce(func, delay) {
    let timeoutId;
    return function(...args) {
        clearTimeout(timeoutId);
        timeoutId = setTimeout(() => func.apply(this, args), delay);
    };
}",style_issue,javascript,Debounce Function
"function debounce(func, delay) {
    let timeoutId;
    return function(...args) {
        clearTimeout(timeoutId);
        timeoutId = setTimeout(() => func.apply(this, args), delay);
    };
}
# TODO: optimize this code","function debounce(func, delay) {
    let timeoutId;
    return function(...args) {
        clearTimeout(timeoutId);
        timeoutId = setTimeout(() => func.apply(this, args), delay);
    };
}",style_issue,javascript,Debounce Function
"function debounce(func, delay) {
    let timeoutId;
    return function(...args) {
        clearTimeout(timeoutId);
        timeoutId = setTimeout(() => func.apply(this, args), delay);
    };
}
# TODO: optimize this code","function debounce(func, delay) {
    let timeoutId;
    return function(...args) {
        clearTimeout(timeoutId);
        timeoutId = setTimeout(() => func.apply(this, args), delay);
    };
}",style_issue,javascript,Debounce Function
"function debounce(func, delay) {
    let timeoutId;
    return function(...args) {
        clearTimeout(timeoutId);
        timeoutId = setTimeout(() => func.apply(this, args), delay);
    };
}
# TODO: optimize this code","function debounce(func, delay) {
    let timeoutId;
    return function(...args) {
        clearTimeout(timeoutId);
        timeoutId = setTimeout(() => func.apply(this, args), delay);
    };
}",style_issue,javascript,Debounce Function
"function debounce(func, delay) {
    let timeoutId;
    return function(...args) {
        clearTimeout(timeoutId);
        timeoutId = setTimeout(() => func.apply(this, args), delay);
    };
}
# TODO: optimize this code","function debounce(func, delay) {
    let timeoutId;
    return function(...args) {
        clearTimeout(timeoutId);
        timeoutId = setTimeout(() => func.apply(this, args), delay);
    };
}",style_issue,javascript,Debounce Function
"function debounce(func, delay) {
    let timeoutId;
    return function(...args) {
        clearTimeout(timeoutId);
        timeoutId = setTimeout(() => func.apply(this, args), delay);
    };
}
# TODO: optimize this code","function debounce(func, delay) {
    let timeoutId;
    return function(...args) {
        clearTimeout(timeoutId);
        timeoutId = setTimeout(() => func.apply(this, args), delay);
    };
}",style_issue,javascript,Debounce Function
"function debounce(func, delay) {
    let timeoutId;
    return function(...args) {
        clearTimeout(timeoutId);
        timeoutId = setTimeout(() => func.apply(this, args), delay);
    };
}
# TODO: optimize this code","function debounce(func, delay) {
    let timeoutId;
    return function(...args) {
        clearTimeout(timeoutId);
        timeoutId = setTimeout(() => func.apply(this, args), delay);
    };
}",style_issue,javascript,Debounce Function
"function debounce(func, delay) {
    let timeoutId;
    return function(...args) {
        clearTimeout(timeoutId);
        timeoutId = setTimeout(() => func.apply(this, args), delay);
    };
}
# TODO: optimize this code","function debounce(func, delay) {
    let timeoutId;
    return function(...args) {
        clearTimeout(timeoutId);
        timeoutId = setTimeout(() => func.apply(this, args), delay);
    };
}",style_issue,javascript,Debounce Function
"function debounce(func, delay) {
    let timeoutId;
    return function(...args) {
        clearTimeout(timeoutId);
        timeoutId = setTimeout(() => func.apply(this, args), delay);
    };
}
# TODO: optimize this code","function debounce(func, delay) {
    let timeoutId;
    return function(...args) {
        clearTimeout(timeoutId);
        timeoutId = setTimeout(() => func.apply(this, args), delay);
    };
}",style_issue,javascript,Debounce Function
"function debounce(func, delay) {
    let timeoutId;
    return function(...args) {
        clearTimeout(timeoutId);
        timeoutId = setTimeout(() => func.apply(this, args), delay);
    };
}
# TODO: optimize this code","function debounce(func, delay) {
    let timeoutId;
    return function(...args) {
        clearTimeout(timeoutId);
        timeoutId = setTimeout(() => func.apply(this, args), delay);
    };
}",style_issue,javascript,Debounce Function
"function debounce(func, delay) {
    let timeoutId;
    return function(...args) {
        clearTimeout(timeoutId);
        timeoutId = setTimeout(() => func.apply(this, args), delay);
    };
}
# TODO: optimize this code","function debounce(func, delay) {
    let timeoutId;
    return function(...args) {
        clearTimeout(timeoutId);
        timeoutId = setTimeout(() => func.apply(this, args), delay);
    };
}",style_issue,javascript,Debounce Function
"function debounce(func, delay) {
    let timeoutId;
    return function(...args) {
        clearTimeout(timeoutId);
        timeoutId = setTimeout(() => func.apply(this, args), delay);
    };
}
# TODO: optimize this code","function debounce(func, delay) {
    let timeoutId;
    return function(...args) {
        clearTimeout(timeoutId);
        timeoutId = setTimeout(() => func.apply(this, args), delay);
    };
}",style_issue,javascript,Debounce Function
"function debounce(func, delay) {
    let timeoutId;
    return function(...args) {
        clearTimeout(timeoutId);
        timeoutId = setTimeout(() => func.apply(this, args), delay);
    };
}
# TODO: optimize this code","function debounce(func, delay) {
    let timeoutId;
    return function(...args) {
        clearTimeout(timeoutId);
        timeoutId = setTimeout(() => func.apply(this, args), delay);
    };
}",style_issue,javascript,Debounce Function
"function debounce(func, delay) {
    let timeoutId;
    return function(...args) {
        clearTimeout(timeoutId);
        timeoutId = setTimeout(() => func.apply(this, args), delay);
    };
}
# TODO: optimize this code","function debounce(func, delay) {
    let timeoutId;
    return function(...args) {
        clearTimeout(timeoutId);
        timeoutId = setTimeout(() => func.apply(this, args), delay);
    };
}",style_issue,javascript,Debounce Function
"function debounce(func, delay) {
    let timeoutId;
    return function(...args) {
        clearTimeout(timeoutId);
        timeoutId = setTimeout(() => func.apply(this, args), delay);
    };
}
# TODO: optimize this code","function debounce(func, delay) {
    let timeoutId;
    return function(...args) {
        clearTimeout(timeoutId);
        timeoutId = setTimeout(() => func.apply(this, args), delay);
    };
}",style_issue,javascript,Debounce Function
"function debounce(func, delay) {
    let timeoutId;
    return function(...args) {
        clearTimeout(timeoutId);
        timeoutId = setTimeout(() => func.apply(this, args), delay);
    };
}
# TODO: optimize this code","function debounce(func, delay) {
    let timeoutId;
    return function(...args) {
        clearTimeout(timeoutId);
        timeoutId = setTimeout(() => func.apply(this, args), delay);
    };
}",style_issue,javascript,Debounce Function
"function debounce(func, delay) {
    let timeoutId;
    return function(...args) {
        clearTimeout(timeoutId);
        timeoutId = setTimeout(() => func.apply(this, args), delay);
    };
}
# TODO: optimize this code","function debounce(func, delay) {
    let timeoutId;
    return function(...args) {
        clearTimeout(timeoutId);
        timeoutId = setTimeout(() => func.apply(this, args), delay);
    };
}",style_issue,javascript,Debounce Function
"function debounce(func, delay) {
    let timeoutId;
    return function(...args) {
        clearTimeout(timeoutId);
        timeoutId = setTimeout(() => func.apply(this, args), delay);
    };
}
# TODO: optimize this code","function debounce(func, delay) {
    let timeoutId;
    return function(...args) {
        clearTimeout(timeoutId);
        timeoutId = setTimeout(() => func.apply(this, args), delay);
    };
}",style_issue,javascript,Debounce Function
"function debounce(func, delay) {
    let timeoutId;
    return function(...args) {
        clearTimeout(timeoutId);
        timeoutId = setTimeout(() => func.apply(this, args), delay);
    };
}
# TODO: optimize this code","function debounce(func, delay) {
    let timeoutId;
    return function(...args) {
        clearTimeout(timeoutId);
        timeoutId = setTimeout(() => func.apply(this, args), delay);
    };
}",style_issue,javascript,Debounce Function
"function debounce(func, delay) {
    let timeoutId;
    return function(...args) {
        clearTimeout(timeoutId);
        timeoutId = setTimeout(() => func.apply(this, args), delay);
    };
}
# TODO: optimize this code","function debounce(func, delay) {
    let timeoutId;
    return function(...args) {
        clearTimeout(timeoutId);
        timeoutId = setTimeout(() => func.apply(this, args), delay);
    };
}",style_issue,javascript,Debounce Function
